Time,pods,cpu,memory,rt,tp
2023-03-19 17:46:00,1.0,0.079796402137822,132894720.0,0.0,0.0
2023-03-19 17:47:00,1.0,0.1075818808403088,173289472.0,0.0047999999999999,2.6
2023-03-19 17:48:00,1.0,0.1100889277058314,169562112.0,0.0048,1.467
2023-03-19 17:49:00,1.0,0.116804148475753,170876928.0,0.0088333333333333,4.067
2023-03-19 17:50:00,1.0,0.1707211500791846,172433408.0,0.0049923076923076,11.333
2023-03-19 17:51:00,1.0,0.1560131365022333,173191168.0,0.0046355555555555,15.933
2023-03-19 17:52:00,1.0,0.189295007306573,175452160.0,0.0044921739130434,18.8
2023-03-19 17:53:00,1.0,0.2064988356050481,176422912.0,0.0043633587786259,27.867
2023-03-19 17:54:00,1.0,0.3348162364164171,182976512.0,0.0123333333333333,41.267
2023-03-19 17:55:00,1.0,0.2429391866900965,184201216.0,0.0080214285714285,45.458
2023-03-19 17:56:00,1.0,0.2299311498842453,185839616.0,0.0201057692307692,53.6
2023-03-19 17:57:00,1.0,0.2380114729845682,189505536.0,0.0222278481012658,55.267
2023-03-19 17:58:00,1.0,0.2520180395765445,190201856.0,0.005391304347826,68.867
2023-03-19 17:59:00,1.0,0.2527663378568093,192872448.0,0.0238124999999999,67.2
2023-03-19 18:00:00,1.0,0.2341330687743552,195903488.0,0.0325231481481481,56.859
2023-03-19 18:01:00,1.0,0.2477537250615056,196800512.0,0.0245797872340425,67.289
2023-03-19 18:02:00,1.0,0.2559339047383746,197230592.0,0.01875,70.2
2023-03-19 18:03:00,1.0,0.2474407967379732,197279744.0,0.0189642857142857,63.067
2023-03-19 18:04:00,1.0,0.2334598475800189,198336512.0,0.0188846153846153,64.8
2023-03-19 18:05:00,1.0,0.2086090679175855,198725632.0,0.0162916666666666,42.733
2023-03-19 18:06:00,1.0,0.1826957602908574,200351744.0,0.0211937499999999,45.467
2023-03-19 18:07:00,1.0,0.1807533642875477,199819264.0,0.0082371794871794,41.667
2023-03-19 18:08:00,1.0,0.1553412966564435,201027584.0,0.0048235294117647,32.067
2023-03-19 18:09:00,1.0,0.1432270783857256,201166848.0,0.0035642857142857,26.267
2023-03-19 18:10:00,1.0,0.1249759709659714,200937472.0,0.0049136363636363,21.2
2023-03-19 18:11:00,1.0,0.0899467928736601,201093120.0,0.0041590909090909,12.133
2023-03-19 18:12:00,1.0,0.0830389998736098,200667136.0,0.0035333333333333,9.4
2023-03-19 18:13:00,1.0,0.0710158108146658,200916992.0,0.0004889705882352,4.6
2023-03-19 18:14:00,1.0,0.0663945667094018,200916992.0,0.000475,1.867
2023-03-19 18:15:00,1.0,0.0688649594193036,201883648.0,0.0004863095238095,3.333
2023-03-19 18:16:00,1.0,0.076014562590183,202194944.0,0.000486875,2.067
2023-03-19 18:17:00,1.0,0.0758071769599101,202231808.0,0.000475,1.267
2023-03-19 18:18:00,1.0,0.072476308992522,200998912.0,0.0013999999999999,1.733
2023-03-19 18:19:00,1.0,0.0840034854183792,201469952.0,0.0087222222222222,3.133
2023-03-19 18:20:00,1.0,0.0851148543311185,201588736.0,0.0038166666666666,8.0
2023-03-19 18:21:00,1.0,0.1047609107256399,204070912.0,0.0045499999999999,17.133
2023-03-19 18:22:00,1.0,0.1382177678138323,206000128.0,0.0043469387755102,29.067
2023-03-19 18:23:00,1.0,0.1529543790580806,206856192.0,0.0050833333333333,33.533
2023-03-19 18:24:00,1.0,0.1434143174190818,207298560.0,0.0076205357142857,36.867
2023-03-19 18:25:00,1.0,0.1795100469270399,207663104.0,0.008797619047619,47.267
2023-03-19 18:26:00,1.0,0.2089501124965442,207974400.0,0.0204876033057851,53.6
2023-03-19 18:27:00,1.0,0.2189157757441304,208551936.0,0.0161846153846153,61.333
2023-03-19 18:28:00,1.0,0.2175378364038786,208982016.0,0.0183529411764705,61.533
2023-03-19 18:29:00,1.0,0.2235562044525708,209166336.0,0.0141136363636363,65.4
2023-03-19 18:30:00,1.0,0.2335155232616034,209297408.0,0.0156158536585365,68.733
2023-03-19 18:31:00,1.0,0.2335245384934219,209743872.0,0.0107355769230769,49.133
2023-03-19 18:32:00,1.0,0.2170215893800144,212172800.0,0.0315573770491803,70.733
2023-03-19 18:33:00,1.0,0.2327809981095826,212205568.0,0.01789,65.746
2023-03-19 18:34:00,1.0,0.2014641793288173,210886656.0,0.021782894736842,47.867
2023-03-19 18:35:00,1.0,0.2162219231505178,213188608.0,0.0339361702127659,47.6
2023-03-19 18:36:00,1.0,0.1870675086487096,213139456.0,0.0052857142857143,47.667
2023-03-19 18:37:00,1.0,0.1823069895195306,213176320.0,0.0082986111111111,41.0
2023-03-19 18:38:00,1.0,0.1721733985100552,213024768.0,0.0154204545454545,33.467
2023-03-19 18:39:00,1.0,0.1581225319962024,213000192.0,0.0144013157894736,28.2
2023-03-19 18:40:00,1.0,0.1168039346417016,213118976.0,0.0095394736842105,18.6
2023-03-19 18:41:00,1.0,0.0915602378671984,212594688.0,0.0039533333333333,10.067
2023-03-19 18:42:00,1.0,0.0743277219046471,212312064.0,0.0043636363636363,5.733
2023-03-19 18:43:00,1.0,0.0695289431111685,212369408.0,0.0004845,2.867
2023-03-19 18:44:00,1.0,0.0628111021468348,212140032.0,0.000475,1.6
2023-03-19 18:45:00,1.0,0.0686307967964534,212008960.0,0.0018999999999999,2.867
2023-03-19 18:46:00,1.0,0.0776434049431791,212029440.0,0.000475,1.667
2023-03-19 18:47:00,1.0,0.0786832703269722,212881408.0,0.000475,0.4
2023-03-19 18:48:00,1.0,0.0807952590746873,214020096.0,0.00292,3.333
2023-03-19 18:49:00,1.0,0.0708705235578724,215154688.0,0.0016,5.0
2023-03-19 18:50:00,1.0,0.0900947489397956,215097344.0,0.004185,10.533
2023-03-19 18:51:00,1.0,0.1120600156984767,216199168.0,0.0167499999999999,20.0
2023-03-19 18:52:00,1.0,0.1242972150922702,216813568.0,0.0063749999999999,22.067
2023-03-19 18:53:00,1.0,0.1363597892275326,216776704.0,0.0132934782608695,35.333
2023-03-19 18:54:00,1.0,0.149595878856475,216707072.0,0.0085757575757575,37.133
2023-03-19 18:55:00,1.0,0.1883106719725406,217030656.0,0.0093823529411764,47.267
2023-03-19 18:56:00,1.0,0.1836373824898632,217292800.0,0.0056416666666666,38.867
2023-03-19 18:57:00,1.0,0.173126115949326,217460736.0,0.0063882978723404,58.733
2023-03-19 18:58:00,1.0,0.2274140778336097,217370624.0,0.0206898734177215,67.067
2023-03-19 18:59:00,1.0,0.2426250020502094,217632768.0,0.0219124999999999,57.573
2023-03-19 19:00:00,1.0,0.2324256367630236,218251264.0,0.021172619047619,66.476
2023-03-19 19:01:00,1.0,0.2639191971289305,218251264.0,0.0147499999999999,65.867
2023-03-19 19:02:00,1.0,0.2613636750849543,218918912.0,0.0219382352941176,65.0
2023-03-19 19:03:00,1.0,0.2385218735060623,218955776.0,0.0212375,64.0
2023-03-19 19:04:00,1.0,0.2147342639975482,218103808.0,0.0084823232323232,57.667
2023-03-19 19:05:00,1.0,0.2091981084362924,218071040.0,0.0133260869565217,56.222
2023-03-19 19:06:00,1.0,0.2052674083869265,218615808.0,0.0071833333333333,49.0
2023-03-19 19:07:00,1.0,0.1926203888343181,219021312.0,0.0097413793103448,47.4
2023-03-19 19:08:00,1.0,0.1738461788116384,219041792.0,0.0078611111111111,36.0
2023-03-19 19:09:00,1.0,0.1527231703544884,219099136.0,0.0190245901639344,31.8
2023-03-19 19:10:00,1.0,0.1214476425973303,219815936.0,0.0062749999999999,21.267
2023-03-19 19:11:00,1.0,0.0897957455749849,219086848.0,0.0072916666666666,12.8
2023-03-19 19:12:00,1.0,0.0662619424780566,219172864.0,0.0041519999999999,6.8
2023-03-19 19:13:00,1.0,0.0569033838781903,219172864.0,0.0023333333333333,2.733
2023-03-19 19:14:00,1.0,0.0480362468919924,219140096.0,0.0004749999999999,1.4
2023-03-19 19:15:00,1.0,0.0562924838064206,219176960.0,0.0032666666666666,1.733
2023-03-19 19:16:00,1.0,0.0543732032312905,219869184.0,0.0023999999999999,1.733
2023-03-19 19:17:00,1.0,0.068207441627963,220545024.0,0.000475,0.8
2023-03-19 19:18:00,1.0,0.0700141707920297,220459008.0,0.000475,0.2
2023-03-19 19:19:00,1.0,0.0730837424532476,219979776.0,0.0004749999999999,1.733
2023-03-19 19:20:00,1.0,0.0774483414187677,220573696.0,0.0039555555555555,8.333
2023-03-19 19:21:00,1.0,0.1044582335505698,221487104.0,0.0042413793103448,15.4
2023-03-19 19:22:00,1.0,0.1248831481898756,221970432.0,0.0346296296296296,23.4
2023-03-19 19:23:00,1.0,0.1488374150272942,222072832.0,0.0067357142857142,32.467
2023-03-19 19:24:00,1.0,0.1559785035121262,222330880.0,0.004967213114754,37.267
2023-03-19 19:25:00,1.0,0.1766463619853873,222330880.0,0.0072349999999999,43.8
2023-03-19 19:26:00,1.0,0.1914760716442258,222629888.0,0.008775641025641,41.733
2023-03-19 19:27:00,1.0,0.2272526698005106,223481856.0,0.0215896226415094,60.4
2023-03-19 19:28:00,1.0,0.2279168988819426,223588352.0,0.0228362068965517,61.867
2023-03-19 19:29:00,1.0,0.246700155547333,223588352.0,0.0169034090909091,55.4
2023-03-19 19:30:00,1.0,0.2486118530927934,223506432.0,0.0241532258064516,54.533
2023-03-19 19:31:00,1.0,0.2596808026339869,223342592.0,0.018188775510204,64.133
2023-03-19 19:32:00,1.0,0.2520475680780216,223703040.0,0.0098058823529411,71.2
2023-03-19 19:33:00,1.0,0.2334457985030923,223637504.0,0.0167898936170212,68.2
2023-03-19 19:34:00,1.0,0.2326784923179499,223076352.0,0.0088729838709677,61.533
2023-03-19 19:35:00,1.0,0.2194034708100736,222912512.0,0.0086122448979591,54.6
2023-03-19 19:36:00,1.0,0.1813148817831879,222502912.0,0.0145937499999999,52.133
2023-03-19 19:37:00,1.0,0.189836812239114,222773248.0,0.007047619047619,43.733
2023-03-19 19:38:00,1.0,0.1651896722023253,222310400.0,0.006801282051282,32.667
2023-03-19 19:39:00,1.0,0.1507102946259124,222236672.0,0.0069999999999999,28.733
2023-03-19 19:40:00,1.0,0.1260817934436124,222269440.0,0.0048185185185185,22.467
2023-03-19 19:41:00,1.0,0.0979245851617039,221978624.0,0.0044515151515151,13.6
2023-03-19 19:42:00,1.0,0.0811238300168709,221982720.0,0.0037499999999999,7.8
2023-03-19 19:43:00,1.0,0.079525038034061,221552640.0,0.0037866666666666,6.2
2023-03-19 19:44:00,1.0,0.0748757127686937,221552640.0,0.0032399999999999,2.667
2023-03-19 19:45:00,1.0,0.0649585882227852,221736960.0,0.000475,1.267
2023-03-19 19:46:00,1.0,0.0707029557886859,222781440.0,0.0004749999999999,1.2
2023-03-19 19:47:00,1.0,0.0772003396813222,223424512.0,0.0004749999999999,0.667
2023-03-19 19:48:00,1.0,0.0796269640135839,223723520.0,0.0044499999999999,0.6
2023-03-19 19:49:00,1.0,0.0855111683676403,221851648.0,0.0035249999999999,3.333
2023-03-19 19:50:00,1.0,0.0911622845262262,222220288.0,0.0041699999999999,11.333
2023-03-19 19:51:00,1.0,0.1135143564737894,222605312.0,0.0042857142857142,17.2
2023-03-19 19:52:00,1.0,0.1323991467298792,222801920.0,0.0079551282051282,25.6
2023-03-19 19:53:00,1.0,0.1451902034885527,222941184.0,0.004860606060606,30.067
2023-03-19 19:54:00,1.0,0.1602957230414443,222781440.0,0.0183661971830985,45.0
2023-03-19 19:55:00,1.0,0.1684087804208814,223318016.0,0.006095238095238,45.733
2023-03-19 19:56:00,1.0,0.1929916107391599,224333824.0,0.0052094594594594,38.733
2023-03-19 19:57:00,1.0,0.2028763639405637,224907264.0,0.0184910714285714,58.8
2023-03-19 19:58:00,1.0,0.2131424359225659,225447936.0,0.01525,63.0
2023-03-19 19:59:00,1.0,0.239829481118553,225570816.0,0.0163987341772152,64.067
2023-03-19 20:00:00,1.0,0.1967507663202217,225996800.0,0.0172822580645161,48.133
2023-03-19 20:01:00,1.0,0.2353385820613401,226205696.0,0.0189186046511627,71.067
2023-03-19 20:02:00,1.0,0.2612089598865331,226807808.0,0.0206410256410256,72.4
2023-03-19 20:03:00,1.0,0.1976314572128996,227237888.0,0.0199304511278195,61.333
2023-03-19 20:04:00,1.0,0.216723993352254,227266560.0,0.0222967032967032,61.933
2023-03-19 20:05:00,1.0,0.1975534933929688,227725312.0,0.0173575949367088,55.067
2023-03-19 20:06:00,1.0,0.1923611080820696,228286464.0,0.0057297297297297,43.867
2023-03-19 20:07:00,1.0,0.1663355750192988,228347904.0,0.0214086538461538,38.333
2023-03-19 20:08:00,1.0,0.1599933868771011,226832384.0,0.0092954545454545,38.267
2023-03-19 20:09:00,1.0,0.1513748037021271,227618816.0,0.0149736842105263,31.067
2023-03-19 20:10:00,1.0,0.1165065602066958,227622912.0,0.0040688524590163,20.133
2023-03-19 20:11:00,1.0,0.1118932931677823,226959360.0,0.0054107142857142,18.0
2023-03-19 20:12:00,1.0,0.1049442556230284,226365440.0,0.0042482758620689,14.733
2023-03-19 20:13:00,1.0,0.0869156349989931,226283520.0,0.0041636363636363,9.467
2023-03-19 20:14:00,1.0,0.0848033662558066,226414592.0,0.0038111111111111,6.4
2023-03-19 20:15:00,1.0,0.0699678658644609,226242560.0,0.0016666666666666,3.133
2023-03-19 20:16:00,1.0,0.0702955405262005,226484224.0,0.000475,1.267
2023-03-19 20:17:00,1.0,0.0752174128283597,226713600.0,0.0004749999999999,0.733
2023-03-19 20:18:00,1.0,0.0694925743330477,226791424.0,0.0,0.467
2023-03-19 20:19:00,1.0,0.0839036388298785,226418688.0,0.000497619047619,3.867
2023-03-19 20:20:00,1.0,0.0872966670751655,226959360.0,0.0026666666666666,8.6
2023-03-19 20:21:00,1.0,0.1141649823708425,226160640.0,0.0035999999999999,15.6
2023-03-19 20:22:00,1.0,0.1353718383503771,225968128.0,0.003863768115942,27.133
2023-03-19 20:23:00,1.0,0.1533960668571615,226615296.0,0.00245,32.6
2023-03-19 20:24:00,1.0,0.1658236137090416,227778560.0,0.0084642857142857,42.0
2023-03-19 20:25:00,1.0,0.1752136742475858,227848192.0,0.0127906976744185,46.4
2023-03-19 20:26:00,1.0,0.2140225890813885,227622912.0,0.0030481012658227,54.667
2023-03-19 20:27:00,1.0,0.2316757590047545,227885056.0,0.0030023255813953,58.467
2023-03-19 20:28:00,1.0,0.2456491109763049,227885056.0,0.002813953488372,62.933
2023-03-19 20:29:00,1.0,0.2646930017139941,227930112.0,0.0034503937007874,67.076
2023-03-19 20:30:00,1.0,0.2381390178449839,227856384.0,0.0031895652173913,68.8
2023-03-19 20:31:00,1.0,0.2482756103949651,227966976.0,0.0036467532467532,69.067
2023-03-19 20:32:00,1.0,0.243312535360281,228298752.0,0.0031038461538461,66.533
2023-03-19 20:33:00,1.0,0.2192635620584644,228073472.0,0.0029820224719101,61.2
2023-03-19 20:34:00,1.0,0.2368887997387407,228028416.0,0.003390909090909,61.067
2023-03-19 20:35:00,1.0,0.2390505706074406,228085760.0,0.0031115789473684,59.467
2023-03-19 20:36:00,1.0,0.2175253348600507,228134912.0,0.0031292682926829,52.333
2023-03-19 20:37:00,1.0,0.1952795656442729,228208640.0,0.0026745762711864,45.733
2023-03-19 20:38:00,1.0,0.1556288286253486,228139008.0,0.0025772727272727,34.4
2023-03-19 20:39:00,1.0,0.1422783304756124,228270080.0,0.0042579999999999,25.933
2023-03-19 20:40:00,1.0,0.1210070617200556,228401152.0,0.0040228571428571,22.933
2023-03-19 20:41:00,1.0,0.1031400397482098,228397056.0,0.0039857142857142,14.067
2023-03-19 20:42:00,1.0,0.0766638747937698,228421632.0,0.0038521739130434,9.067
2023-03-19 20:43:00,1.0,0.0756821184126605,228687872.0,0.0004962686567164,4.2
2023-03-19 20:44:00,1.0,0.0698238793137523,228831232.0,0.0020999999999999,1.6
2023-03-19 20:45:00,1.0,0.0654509971334323,229302272.0,0.0004749999999999,2.0
2023-03-19 20:46:00,1.0,0.0681913291346643,229494784.0,0.000475,1.067
2023-03-19 20:47:00,1.0,0.0685995097643389,229646336.0,0.000475,2.0
2023-03-19 20:48:00,1.0,0.0738385784702905,228900864.0,0.0004749999999999,1.933
2023-03-19 20:49:00,1.0,0.0820130586247331,228929536.0,0.0004908333333333,3.067
2023-03-19 20:50:00,1.0,0.0846745230496586,229126144.0,0.003378947368421,9.467
2023-03-19 20:51:00,1.0,0.0963600609970358,229691392.0,0.004004081632653,15.667
2023-03-19 20:52:00,1.0,0.0968103506496803,229728256.0,0.0033612903225806,17.467
2023-03-19 20:53:00,1.0,0.1171152790760819,229588992.0,0.0037409836065573,26.0
2023-03-19 20:54:00,1.0,0.1563877475551292,229588992.0,0.0027249999999999,39.0
2023-03-19 20:55:00,1.0,0.1819412248866167,229515264.0,0.0024076923076923,45.024
2023-03-19 20:56:00,1.0,0.193341322087359,229552128.0,0.0023413793103448,51.267
2023-03-19 20:57:00,1.0,0.2389159603837726,230764544.0,0.0041684931506849,58.0
2023-03-19 20:58:00,1.0,0.2377840985435576,230764544.0,0.003229906542056,63.667
2023-03-19 20:59:00,1.0,0.2813172532560833,230625280.0,0.0038499999999999,69.067
2023-03-19 21:00:00,1.0,0.2758935838181957,230711296.0,0.0035617647058823,67.6
2023-03-19 21:01:00,1.0,0.2714518103453486,230625280.0,0.003728947368421,67.467
2023-03-19 21:02:00,1.0,0.2606914671203634,230744064.0,0.0035632352941176,67.6
2023-03-19 21:03:00,1.0,0.2573165032588184,230756352.0,0.0029468085106382,65.0
2023-03-19 21:04:00,1.0,0.2478073638084435,230670336.0,0.003422033898305,61.4
2023-03-19 21:05:00,1.0,0.2211070626868164,230764544.0,0.0036661417322834,55.933
2023-03-19 21:06:00,1.0,0.1897139642462087,230764544.0,0.0031308641975308,49.2
2023-03-19 21:07:00,1.0,0.1857986573810077,230846464.0,0.0020272727272727,44.333
2023-03-19 21:08:00,1.0,0.1664841841756119,230866944.0,0.0016484848484848,37.267
2023-03-19 21:09:00,1.0,0.1525369924188223,230694912.0,0.0038455696202531,31.2
2023-03-19 21:10:00,1.0,0.1387197705075641,230375424.0,0.0042215686274509,25.733
2023-03-19 21:11:00,1.0,0.10420717366974,230375424.0,0.0039459459459459,14.533
2023-03-19 21:12:00,1.0,0.0921424353692863,230391808.0,0.0040470588235294,10.667
2023-03-19 21:13:00,1.0,0.0707349416388329,230690816.0,0.0042499999999999,6.6
2023-03-19 21:14:00,1.0,0.074013233578674,230674432.0,0.0004855555555555,3.2
2023-03-19 21:15:00,1.0,0.0706454373561535,230977536.0,0.000475,1.0
2023-03-19 21:16:00,1.0,0.0760272880629345,231358464.0,0.0004865853658536,2.6
2023-03-19 21:17:00,1.0,0.0709239591827212,231878656.0,0.000475,0.733
2023-03-19 21:18:00,1.0,0.0773054268008267,232558592.0,0.000475,1.267
2023-03-19 21:19:00,1.0,0.0823731018853227,232681472.0,0.0035999999999999,2.067
2023-03-19 21:20:00,1.0,0.087448903080956,231878656.0,0.0016333333333333,6.667
2023-03-19 21:21:00,1.0,0.1009962046532401,232050688.0,0.0041333333333333,13.933
2023-03-19 21:22:00,1.0,0.1186527628258094,231432192.0,0.0034619047619047,21.8
2023-03-19 21:23:00,1.0,0.1353108370882945,231194624.0,0.0028325581395348,31.333
2023-03-19 21:24:00,1.0,0.1540060432785951,231317504.0,0.003239344262295,36.4
2023-03-19 21:25:00,1.0,0.1759193885886538,231325696.0,0.0017538461538461,45.4
2023-03-19 21:26:00,1.0,0.2205288014261419,231104512.0,0.0037430769230769,55.933
2023-03-19 21:27:00,1.0,0.2343552271094111,231108608.0,0.0027153846153846,59.067
2023-03-19 21:28:00,1.0,0.2414696953835261,231215104.0,0.0027951807228915,61.0
2023-03-19 21:29:00,1.0,0.2453580995472337,231215104.0,0.0032636363636363,63.467
2023-03-19 21:30:00,1.0,0.2744329033724988,230924288.0,0.0032627118644067,69.667
2023-03-19 21:31:00,1.0,0.2732279593980836,230838272.0,0.0034828571428571,70.8
2023-03-19 21:32:00,1.0,0.279804904880178,230895616.0,0.0035475862068965,69.333
2023-03-19 21:33:00,1.0,0.2712732680835022,231133184.0,0.0037406451612903,66.333
2023-03-19 21:34:00,1.0,0.2406153515426605,231186432.0,0.0028945054945054,65.667
2023-03-19 21:35:00,1.0,0.2446356678480681,231059456.0,0.0033363636363636,60.667
2023-03-19 21:36:00,1.0,0.2138763137489312,231124992.0,0.0033450549450549,51.467
2023-03-19 21:37:00,1.0,0.1834845275955567,231133184.0,0.0020999999999999,43.667
2023-03-19 21:38:00,1.0,0.170774198952977,231137280.0,0.0026705882352941,39.333
2023-03-19 21:39:00,1.0,0.154444195624732,231137280.0,0.0021055555555555,33.867
2023-03-19 21:40:00,1.0,0.1230911021750362,231145472.0,0.0041756097560975,23.333
2023-03-19 21:41:00,1.0,0.1044850122527152,231243776.0,0.0042254545454545,14.133
2023-03-19 21:42:00,1.0,0.0732971637038889,231133184.0,0.0032833333333333,6.667
2023-03-19 21:43:00,1.0,0.0700936714511063,231452672.0,0.0033142857142857,3.933
2023-03-19 21:44:00,1.0,0.0673513799992815,231112704.0,0.000475,1.0
2023-03-19 21:45:00,1.0,0.0702953491373049,231473152.0,0.000475,1.533
2023-03-19 21:46:00,1.0,0.0736742511450383,231755776.0,0.0023999999999999,2.533
2023-03-19 21:47:00,1.0,0.0761231798312366,232181760.0,0.000475,0.933
2023-03-19 21:48:00,1.0,0.0809137958749574,232693760.0,0.0004885714285714,2.4
2023-03-19 21:49:00,1.0,0.0860811114045288,232955904.0,0.0023199999999999,4.333
2023-03-19 21:50:00,1.0,0.0872326114519295,231596032.0,0.0032181818181818,7.467
2023-03-19 21:51:00,1.0,0.102946860926446,231776256.0,0.0038149999999999,16.933
2023-03-19 21:52:00,1.0,0.122496991631189,231350272.0,0.0035714285714285,20.867
2023-03-19 21:53:00,1.0,0.1411644667471021,231456768.0,0.0040827586206896,28.2
2023-03-19 21:54:00,1.0,0.1566324709025973,231636992.0,0.0018277777777777,39.133
2023-03-19 21:55:00,1.0,0.1787770774528974,231673856.0,0.0022583333333333,44.0
2023-03-19 21:56:00,1.0,0.1976024555852179,231600128.0,0.0026063492063492,50.333
2023-03-19 21:57:00,1.0,0.2151733927296903,231636992.0,0.0027885714285714,53.333
2023-03-19 21:58:00,1.0,0.2194658501350672,231645184.0,0.0032770642201834,62.933
2023-03-19 21:59:00,1.0,0.2704234828669864,231735296.0,0.0035718309859154,70.2
2023-03-19 22:00:00,1.0,0.2631482735476554,231735296.0,0.003491472868217,66.933
2023-03-19 22:01:00,1.0,0.2502438623583032,231563264.0,0.0030431372549019,68.0
2023-03-19 22:02:00,1.0,0.2791027300819731,231460864.0,0.0039073446327683,68.0
2023-03-19 22:03:00,1.0,0.2448165972775256,231460864.0,0.0026275,63.933
2023-03-19 22:04:00,1.0,0.2386451593383791,231460864.0,0.0024273972602739,62.933
2023-03-19 22:05:00,1.0,0.2336240403165566,231456768.0,0.0029302325581395,60.8
2023-03-19 22:06:00,1.0,0.2273607678407375,231403520.0,0.002851282051282,55.6
2023-03-19 22:07:00,1.0,0.1919395770321107,231428096.0,0.0029617647058823,46.933
2023-03-19 22:08:00,1.0,0.1791654725140722,231419904.0,0.0024458333333333,42.2
2023-03-19 22:09:00,1.0,0.1506848468877676,231428096.0,0.0029124999999999,33.4
2023-03-19 22:10:00,1.0,0.1395309686890198,231436288.0,0.0039969696969696,24.733
2023-03-19 22:11:00,1.0,0.1095519753416512,231440384.0,0.0037783783783783,14.667
2023-03-19 22:12:00,1.0,0.0841558847688677,231440384.0,0.0038636363636363,7.733
2023-03-19 22:13:00,1.0,0.065745254639201,231522304.0,0.000475,3.067
2023-03-19 22:14:00,1.0,0.0708136864686855,231837696.0,0.0005,1.467
2023-03-19 22:15:00,1.0,0.0682542718217202,232579072.0,0.000475,1.2
2023-03-19 22:16:00,1.0,0.0715966827284877,232996864.0,0.0014999999999999,1.933
2023-03-19 22:17:00,1.0,0.076040396858286,233103360.0,0.0004749999999999,0.667
2023-03-19 22:18:00,1.0,0.0793585866357451,231403520.0,0.000475,0.667
2023-03-19 22:19:00,1.0,0.0729301352186481,231428096.0,0.0046,0.267
2023-03-19 22:20:00,1.0,0.0869534828095777,231534592.0,0.0041499999999999,8.733
2023-03-19 22:21:00,1.0,0.1015108093998971,231735296.0,0.0035679999999999,12.467
2023-03-19 22:22:00,1.0,0.1170302317845216,231682048.0,0.0039087719298245,20.933
2023-03-19 22:23:00,1.0,0.1456213859148893,231571456.0,0.0037857142857142,28.733
2023-03-19 22:24:00,1.0,0.1425364102247161,231587840.0,0.0024380952380952,36.2
2023-03-19 22:25:00,1.0,0.1694561523787467,231505920.0,0.0016578947368421,43.4
2023-03-19 22:26:00,1.0,0.1886610153633001,231645184.0,0.0019489361702127,50.733
2023-03-19 22:27:00,1.0,0.2318863876411071,231649280.0,0.003313725490196,59.133
2023-03-19 22:28:00,1.0,0.2094413294372877,231669760.0,0.0024799999999999,63.333
2023-03-19 22:29:00,1.0,0.2280854429379236,231710720.0,0.0035190839694656,68.8
2023-03-19 22:30:00,1.0,0.2849022199049673,231735296.0,0.0034015384615384,70.4
2023-03-19 22:31:00,1.0,0.2710609683496115,231563264.0,0.0030392156862745,69.733
2023-03-19 22:32:00,1.0,0.2586198820214648,231505920.0,0.0030485981308411,68.867
2023-03-19 22:33:00,1.0,0.2609645814134209,231624704.0,0.0033428571428571,67.133
2023-03-19 22:34:00,1.0,0.236587508046313,231596032.0,0.0030610526315789,62.533
2023-03-19 22:35:00,1.0,0.2230544149327651,231591936.0,0.0032658536585365,55.867
2023-03-19 22:36:00,1.0,0.21053653658979,231661568.0,0.0031219512195121,52.6
2023-03-19 22:37:00,1.0,0.1995245446431069,231677952.0,0.003179746835443,47.667
2023-03-19 22:38:00,1.0,0.1699088449369092,231677952.0,0.0021099999999999,37.8
2023-03-19 22:39:00,1.0,0.1491602927492659,231677952.0,0.0041591836734693,30.067
2023-03-19 22:40:00,1.0,0.1320324313285619,231682048.0,0.0037461538461538,21.533
2023-03-19 22:41:00,1.0,0.1054262830543493,231706624.0,0.0041999999999999,15.0
2023-03-19 22:42:00,1.0,0.0851926314209383,231706624.0,0.0030799999999999,9.8
2023-03-19 22:43:00,1.0,0.0779994294556703,231694336.0,0.0040199999999999,7.067
2023-03-19 22:44:00,1.0,0.0769988360715103,231714816.0,0.0004827868852459,4.467
2023-03-19 22:45:00,1.0,0.0703340946115316,231714816.0,0.0005,1.267
2023-03-19 22:46:00,1.0,0.0674489433251032,231632896.0,0.0017999999999999,0.867
2023-03-19 22:47:00,1.0,0.0771177669158137,232259584.0,0.000475,2.0
2023-03-19 22:48:00,1.0,0.0787961513548262,233041920.0,0.000475,0.2
2023-03-19 22:49:00,1.0,0.083715781124749,233283584.0,0.0019999999999999,4.067
2023-03-19 22:50:00,1.0,0.0869306205951759,231866368.0,0.0037176470588235,8.067
2023-03-19 22:51:00,1.0,0.1031482363717098,232124416.0,0.0041423728813559,16.733
2023-03-19 22:52:00,1.0,0.1240161602936805,232071168.0,0.0017999999999999,20.6
2023-03-19 22:53:00,1.0,0.1470515252328596,231948288.0,0.0037549295774647,29.2
2023-03-19 22:54:00,1.0,0.1637411773817518,231960576.0,0.0014133333333333,38.6
2023-03-19 22:55:00,1.0,0.1812241005511152,231927808.0,0.0010121212121212,45.267
2023-03-19 22:56:00,1.0,0.1928409826422487,231804928.0,0.0028343749999999,48.267
2023-03-19 22:57:00,1.0,0.2223236219053302,231841792.0,0.0027369863013698,56.667
2023-03-19 22:58:00,1.0,0.2492469845047027,231907328.0,0.00329900990099,61.867
2023-03-19 22:59:00,1.0,0.2563082237063604,232026112.0,0.0028355555555555,64.4
2023-03-19 23:00:00,1.0,0.2668109581426564,231890944.0,0.0035441176470588,67.6
2023-03-19 23:01:00,1.0,0.2805770664059795,231612416.0,0.0033112903225806,70.333
2023-03-19 23:02:00,1.0,0.2749226769524378,231682048.0,0.0033284552845528,69.8
2023-03-19 23:03:00,1.0,0.257524391102114,231682048.0,0.0038693641618497,66.267
2023-03-19 23:04:00,1.0,0.2399880722208646,231698432.0,0.0023705882352941,60.133
2023-03-19 23:05:00,1.0,0.2344331378950373,231714816.0,0.0027759999999999,57.4
2023-03-19 23:06:00,1.0,0.2125992719739649,231739392.0,0.0033978723404255,49.4
2023-03-19 23:07:00,1.0,0.1782307151359708,231837696.0,0.0026185185185185,44.0
2023-03-19 23:08:00,1.0,0.1829122474309829,231841792.0,0.0020744186046511,41.4
2023-03-19 23:09:00,1.0,0.1497049867801337,231804928.0,0.0031115384615384,32.467
2023-03-19 23:10:00,1.0,0.1294199717790481,231747584.0,0.0038939393939393,24.4
2023-03-19 23:11:00,1.0,0.1073392913447913,231751680.0,0.0041442622950819,17.2
2023-03-19 23:12:00,1.0,0.1015843456148786,231751680.0,0.0034785714285714,14.2
2023-03-19 23:13:00,1.0,0.0914181742859522,231751680.0,0.0042232558139534,11.267
2023-03-19 23:14:00,1.0,0.0829633390866287,232185856.0,0.0031833333333333,7.067
2023-03-19 23:15:00,1.0,0.0740836112216714,232259584.0,0.0031714285714285,4.333
2023-03-19 23:16:00,1.0,0.0730310118541967,232812544.0,0.000475,0.8
2023-03-19 23:17:00,1.0,0.0745410752305027,232775680.0,0.000475,1.533
2023-03-19 23:18:00,1.0,0.0594779150882471,233058304.0,0.000475,0.267
2023-03-19 23:19:00,1.0,0.084181491583345,232316928.0,0.0004875,3.0
2023-03-19 23:20:00,1.0,0.0746197548626714,232329216.0,0.0032833333333333,6.6
2023-03-19 23:21:00,1.0,0.1017562027064021,232734720.0,0.00383125,14.267
2023-03-19 23:22:00,1.0,0.1243260890406828,233476096.0,0.0037166666666666,21.867
2023-03-19 23:23:00,1.0,0.1479934469081975,233398272.0,0.0038078947368421,32.8
2023-03-19 23:24:00,1.0,0.1634183942386415,233426944.0,0.0004975792253521,39.933
2023-03-19 23:25:00,1.0,0.1878503150838419,233676800.0,0.0011657142857142,45.267
2023-03-19 23:26:00,1.0,0.194270553580085,233676800.0,0.0026437499999999,50.667
2023-03-19 23:27:00,1.0,0.2365580576738403,233336832.0,0.003593220338983,58.267
2023-03-19 23:28:00,1.0,0.2481803079253629,233639936.0,0.0037061538461538,61.533
2023-03-19 23:29:00,1.0,0.2521270281957282,234156032.0,0.0033899159663865,66.6
2023-03-19 23:30:00,1.0,0.2821483816739969,234176512.0,0.0034188034188034,68.4
2023-03-19 23:31:00,1.0,0.2553760059315119,233783296.0,0.0034255639097744,69.733
2023-03-19 23:32:00,1.0,0.2659461466467038,233820160.0,0.0032864406779661,68.2
2023-03-19 23:33:00,1.0,0.2558871108639076,233910272.0,0.0031961538461538,63.6
2023-03-19 23:34:00,1.0,0.2393417354642476,233930752.0,0.0033504587155963,61.146
2023-03-19 23:35:00,1.0,0.2409864228957972,233877504.0,0.0028197530864197,59.733
2023-03-19 23:36:00,1.0,0.2306995174776741,233906176.0,0.0038739130434782,54.533
2023-03-19 23:37:00,1.0,0.1954472748111111,233906176.0,0.0028882352941176,47.8
2023-03-19 23:38:00,1.0,0.1671047133548196,233914368.0,0.0018864864864864,38.0
2023-03-19 23:39:00,1.0,0.14708166559668,233529344.0,0.0040586956521739,28.533
2023-03-19 23:40:00,1.0,0.1316261877923461,233529344.0,0.0042742268041237,23.0
2023-03-19 23:41:00,1.0,0.1037277911582498,233472000.0,0.0041642857142857,16.933
2023-03-19 23:42:00,1.0,0.0809530495989805,233504768.0,0.0039533333333333,9.733
2023-03-19 23:43:00,1.0,0.0698880476559267,233598976.0,0.0028444444444444,6.2
2023-03-19 23:44:00,1.0,0.0525328354870874,233598976.0,0.0004749999999999,1.267
2023-03-19 23:45:00,1.0,0.0583575059406955,234065920.0,0.0004749999999999,1.333
2023-03-19 23:46:00,1.0,0.0644610583639697,234082304.0,0.000475,1.667
2023-03-19 23:47:00,1.0,0.0555781335296185,234201088.0,0.0004749999999999,1.2
2023-03-19 23:48:00,1.0,0.0747084969394601,234831872.0,0.0004919642857142,1.867
2023-03-19 23:49:00,1.0,0.0747750137641348,235094016.0,0.000475,2.0
2023-03-19 23:50:00,1.0,0.0838991053849914,235274240.0,0.0037578947368421,8.133
2023-03-19 23:51:00,1.0,0.0895583442433094,234393600.0,0.0031090909090909,14.2
2023-03-19 23:52:00,1.0,0.1102755061442605,234496000.0,0.0035764705882352,17.8
2023-03-19 23:53:00,1.0,0.1086426815724008,234352640.0,0.0036380952380952,22.267
2023-03-19 23:54:00,1.0,0.1445552502629524,234442752.0,0.0026608695652173,35.667
2023-03-19 23:55:00,1.0,0.1631065609378741,234500096.0,0.0021454545454545,43.4
2023-03-19 23:56:00,1.0,0.195231278291846,234524672.0,0.002778125,49.0
2023-03-19 23:57:00,1.0,0.228207887488679,234287104.0,0.002512676056338,58.733
2023-03-19 23:58:00,1.0,0.221103648856013,234262528.0,0.0029172413793103,60.067
2023-03-19 23:59:00,1.0,0.2499209358872086,234291200.0,0.0035560283687943,69.533
2023-03-20 00:00:00,1.0,0.2727812583212332,234311680.0,0.0033378151260504,67.733
2023-03-20 00:01:00,1.0,0.2665274774967084,234070016.0,0.0031173076923076,66.667
2023-03-20 00:02:00,1.0,0.2700636772798185,234070016.0,0.0033857142857142,69.133
2023-03-20 00:03:00,1.0,0.2576055720394089,233897984.0,0.0029918367346938,65.533
2023-03-20 00:04:00,1.0,0.2279270458474964,233918464.0,0.0025439999999999,62.533
2023-03-20 00:05:00,1.0,0.2284651901902637,233918464.0,0.0029084337349397,57.667
2023-03-20 00:06:00,1.0,0.2030796086374908,233832448.0,0.0026499999999999,51.4
2023-03-20 00:07:00,1.0,0.1917507762821178,233893888.0,0.0019023255813953,44.533
2023-03-20 00:08:00,1.0,0.1745146076394623,233885696.0,0.0017894736842105,40.667
2023-03-20 00:09:00,1.0,0.1500832027913696,233861120.0,0.0032461538461538,29.867
2023-03-20 00:10:00,1.0,0.1503697121863372,233930752.0,0.0040241758241758,29.533
2023-03-20 00:11:00,1.0,0.1038540281938218,233922560.0,0.0042281249999999,16.467
2023-03-20 00:12:00,1.0,0.0917704962847142,233963520.0,0.0035083333333333,11.8
2023-03-20 00:13:00,1.0,0.0804342265069601,234283008.0,0.0026888888888888,7.0
2023-03-20 00:14:00,1.0,0.0769143818615204,234369024.0,0.0023999999999999,3.6
2023-03-20 00:15:00,1.0,0.0668373222079654,233881600.0,0.000475,1.667
2023-03-20 00:16:00,1.0,0.0776669047468422,234692608.0,0.000494,3.467
2023-03-20 00:17:00,1.0,0.0762261790702354,235491328.0,0.000475,1.467
2023-03-20 00:18:00,1.0,0.0731851761142819,235679744.0,0.000475,1.133
2023-03-20 00:19:00,1.0,0.0797827079904452,235003904.0,0.000475,1.2
2023-03-20 00:20:00,1.0,0.0800783930727965,235102208.0,0.0014,3.733
2023-03-20 00:21:00,1.0,0.0934324900508729,234401792.0,0.0029733333333333,10.4
2023-03-20 00:22:00,1.0,0.1122359460877673,234676224.0,0.0039169811320754,19.067
2023-03-20 00:23:00,1.0,0.1366845300253776,234651648.0,0.0038623376623376,31.6
2023-03-20 00:24:00,1.0,0.1517959536410373,234635264.0,0.0035828571428571,33.0
2023-03-20 00:25:00,1.0,0.1602222769583163,234037248.0,0.0013235294117647,41.667
2023-03-20 00:26:00,1.0,0.2055382989084557,234057728.0,0.0032999999999999,54.6
2023-03-20 00:27:00,1.0,0.2299289392357757,234082304.0,0.0031897959183673,59.0
2023-03-20 00:28:00,1.0,0.2279699267993641,234082304.0,0.0029978260869565,61.067
2023-03-20 00:29:00,1.0,0.2423886858979022,234082304.0,0.0032990654205607,60.6
2023-03-20 00:30:00,1.0,0.2630882958097263,234106880.0,0.0029819999999999,67.533
2023-03-20 00:31:00,1.0,0.2871924169762618,234188800.0,0.0035493150684931,71.8
2023-03-20 00:32:00,1.0,0.2784444747892396,234188800.0,0.0034015267175572,69.867
2023-03-20 00:33:00,1.0,0.2712073550926423,234168320.0,0.0041171428571428,67.0
2023-03-20 00:34:00,1.0,0.2370485824717018,234049536.0,0.0032884955752212,64.267
2023-03-20 00:35:00,1.0,0.2573342868415142,234115072.0,0.0035307692307692,65.533
2023-03-20 00:36:00,1.0,0.2191798484164297,234090496.0,0.0032644444444444,52.8
2023-03-20 00:37:00,1.0,0.1861851556616884,234045440.0,0.0018619047619047,45.2
2023-03-20 00:38:00,1.0,0.1748885228461252,234045440.0,0.0019948717948717,40.267
2023-03-20 00:39:00,1.0,0.1654727445402886,234078208.0,0.0026938775510204,38.867
2023-03-20 00:40:00,1.0,0.1322060594527181,233951232.0,0.004231067961165,26.4
2023-03-20 00:41:00,1.0,0.1102304738815224,233885696.0,0.0040487804878048,15.733
2023-03-20 00:42:00,1.0,0.080332882064857,233885696.0,0.00128,6.333
2023-03-20 00:43:00,1.0,0.0758148098218149,233873408.0,0.0023666666666666,5.333
2023-03-20 00:44:00,1.0,0.0688169580739471,233906176.0,0.000495652173913,1.6
2023-03-20 00:45:00,1.0,0.0685094044559022,233955328.0,0.000475,1.4
2023-03-20 00:46:00,1.0,0.0764744765375233,234655744.0,0.0016999999999999,2.2
2023-03-20 00:47:00,1.0,0.0742706615175323,235319296.0,0.000475,0.467
2023-03-20 00:48:00,1.0,0.0814175607199239,236130304.0,0.000475,2.267
2023-03-20 00:49:00,1.0,0.0760010436217751,236273664.0,0.003075,5.267
2023-03-20 00:50:00,1.0,0.0714829220644836,234971136.0,0.0004837962962962,3.533
2023-03-20 00:51:00,1.0,0.0914652039887979,234967040.0,0.0039487179487179,13.533
2023-03-20 00:52:00,1.0,0.1095221153143694,234319872.0,0.0023090909090909,20.0
2023-03-20 00:53:00,1.0,0.1232566539291357,234319872.0,0.0038349206349206,24.267
2023-03-20 00:54:00,1.0,0.1529486165339738,234393600.0,0.0014,37.2
2023-03-20 00:55:00,1.0,0.1729095833000712,234328064.0,0.0018878048780487,42.6
2023-03-20 00:56:00,1.0,0.193604328479078,234266624.0,0.0018636363636363,50.267
2023-03-20 00:57:00,1.0,0.2021005097728622,234266624.0,0.0018204081632652,52.467
2023-03-20 00:58:00,1.0,0.2354391078737953,234205184.0,0.0024686567164179,57.667
2023-03-20 00:59:00,1.0,0.2754438380812883,234209280.0,0.0037506329113924,70.8
2023-03-20 01:00:00,1.0,0.2707302745492557,234242048.0,0.0035928057553956,68.333
2023-03-20 01:01:00,1.0,0.2576356589202633,234233856.0,0.0035155172413793,65.933
2023-03-20 01:02:00,1.0,0.2929116653627709,234233856.0,0.003898901098901,71.0
2023-03-20 01:03:00,1.0,0.2608871532699593,234147840.0,0.0025384615384615,63.933
2023-03-20 01:04:00,1.0,0.2524220064849887,234094592.0,0.0032715596330275,63.333
2023-03-20 01:05:00,1.0,0.2490858413982901,234094592.0,0.0030068181818181,61.6
2023-03-20 01:06:00,1.0,0.2284461492612699,233906176.0,0.0031831578947368,58.4
2023-03-20 01:07:00,1.0,0.1877009489387842,233910272.0,0.0022641509433962,48.933
2023-03-20 01:08:00,1.0,0.1706108680008363,233885696.0,0.0026,45.0
2023-03-20 01:09:00,1.0,0.1623626465454133,233885696.0,0.00183125,34.067
2023-03-20 01:10:00,1.0,0.1438796247311864,233914368.0,0.0040946236559139,28.267
2023-03-20 01:11:00,1.0,0.1165742919335287,233918464.0,0.0040036363636363,17.2
2023-03-20 01:12:00,1.0,0.0854327594584791,233984000.0,0.0033555555555555,9.6
2023-03-20 01:13:00,1.0,0.0630452852606712,234020864.0,0.0004953571428571,4.4
2023-03-20 01:14:00,1.0,0.0709871970005808,234037248.0,0.000475,1.8
2023-03-20 01:15:00,1.0,0.0648039897201992,234074112.0,0.0019999999999999,1.2
2023-03-20 01:16:00,1.0,0.0755071386849599,234172416.0,0.0027999999999999,2.667
2023-03-20 01:17:00,1.0,0.0732738243195886,234397696.0,0.000475,1.2
2023-03-20 01:18:00,1.0,0.0801649004404082,234381312.0,0.0,0.133
2023-03-20 01:19:00,1.0,0.0688537508046216,234504192.0,0.000475,0.267
2023-03-20 01:20:00,1.0,0.0760548811988379,234594304.0,0.000486875,6.667
2023-03-20 01:21:00,1.0,0.092155392534338,235610112.0,0.0037478260869565,9.267
2023-03-20 01:22:00,1.0,0.1034142184079033,235433984.0,0.0038043478260869,17.533
2023-03-20 01:23:00,1.0,0.1211255254293463,235417600.0,0.0039499999999999,25.0
2023-03-20 01:24:00,1.0,0.1484245220808037,234618880.0,0.0036897435897435,34.467
2023-03-20 01:25:00,1.0,0.1531014468754377,234532864.0,0.0019631578947368,38.933
2023-03-20 01:26:00,1.0,0.1826245638133233,234532864.0,0.0022851063829787,47.067
2023-03-20 01:27:00,1.0,0.1858811985033676,234467328.0,0.0028479999999999,57.8
2023-03-20 01:28:00,1.0,0.2420817969651101,234467328.0,0.0034803571428571,61.933
2023-03-20 01:29:00,1.0,0.2386611193732442,234491904.0,0.0031145631067961,67.333
2023-03-20 01:30:00,1.0,0.2830295259085957,234491904.0,0.004120909090909,72.067
2023-03-20 01:31:00,1.0,0.2403717384980648,234508288.0,0.0033448818897637,69.267
2023-03-20 01:32:00,1.0,0.2715780350411514,234508288.0,0.0034208,68.0
2023-03-20 01:33:00,1.0,0.2619591016650753,234532864.0,0.003416923076923,67.667
2023-03-20 01:34:00,1.0,0.2486112818019829,234508288.0,0.0040828282828282,65.667
2023-03-20 01:35:00,1.0,0.2311273220119501,234512384.0,0.0032357894736842,57.133
2023-03-20 01:36:00,1.0,0.2130519010434498,234545152.0,0.003265909090909,54.333
2023-03-20 01:37:00,1.0,0.2084045983728357,234549248.0,0.0031901234567901,49.933
2023-03-20 01:38:00,1.0,0.1761447876935589,234524672.0,0.0019076923076923,41.733
2023-03-20 01:39:00,1.0,0.1506822871623021,234541056.0,0.0029217391304347,31.4
2023-03-20 01:40:00,1.0,0.1270150004899914,234541056.0,0.0041647058823529,27.333
2023-03-20 01:41:00,1.0,0.1182961531897417,234684416.0,0.0043215189873417,17.2
2023-03-20 01:42:00,1.0,0.0951355357914362,234684416.0,0.0043243243243243,11.4
2023-03-20 01:43:00,1.0,0.0823095201176176,234639360.0,0.0029090909090909,7.0
2023-03-20 01:44:00,1.0,0.0702178916140595,234639360.0,0.0024857142857142,5.533
2023-03-20 01:45:00,1.0,0.0701170245364247,234639360.0,0.000475,1.6
2023-03-20 01:46:00,1.0,0.0694023469227968,234618880.0,0.000475,0.8
2023-03-20 01:47:00,1.0,0.0690994087906576,234532864.0,0.000475,1.533
2023-03-20 01:48:00,1.0,0.0750110457389394,234483712.0,0.0021999999999999,0.533
2023-03-20 01:49:00,1.0,0.0848801982199748,234483712.0,0.0014666666666666,3.867
2023-03-20 01:50:00,1.0,0.0827402252315528,234582016.0,0.0031714285714285,4.267
2023-03-20 01:51:00,1.0,0.094792497345765,235765760.0,0.004040909090909,14.933
2023-03-20 01:52:00,1.0,0.101801904282389,236052480.0,0.0038255319148936,20.8
2023-03-20 01:53:00,1.0,0.1425806613883971,236081152.0,0.0041123595505617,25.667
2023-03-20 01:54:00,1.0,0.1596820062243219,234811392.0,0.0033199999999999,34.667
2023-03-20 01:55:00,1.0,0.18025070029494,234704896.0,0.0004995305164319,45.4
2023-03-20 01:56:00,1.0,0.1772700666026471,234557440.0,0.0004979361370716,46.133
2023-03-20 01:57:00,1.0,0.2027653130424591,234582016.0,0.0030624999999999,53.333
2023-03-20 01:58:00,1.0,0.2316112370279501,234569728.0,0.0033657142857142,61.667
2023-03-20 01:59:00,1.0,0.252688835704392,234618880.0,0.0029806451612903,62.4
2023-03-20 02:00:00,1.0,0.2435526058627774,236535808.0,0.0032371681415929,66.2
2023-03-20 02:01:00,1.0,0.2777683299490462,234672128.0,0.0040786069651741,69.2
2023-03-20 02:02:00,1.0,0.2734889449177999,234672128.0,0.0036696774193548,70.467
2023-03-20 02:03:00,1.0,0.271428810447653,234688512.0,0.0040805309734513,68.2
2023-03-20 02:04:00,1.0,0.2499679245073082,234647552.0,0.003095744680851,60.467
2023-03-20 02:05:00,1.0,0.2375196422636364,234668032.0,0.0032399999999999,59.0
2023-03-20 02:06:00,1.0,0.2168658356257169,234668032.0,0.0029649999999999,53.2
2023-03-20 02:07:00,1.0,0.1892048597929268,234668032.0,0.0023489361702127,42.733
2023-03-20 02:08:00,1.0,0.1862818699470151,234426368.0,0.0026148148148148,43.4
2023-03-20 02:09:00,1.0,0.1608081416342924,234426368.0,0.00234,34.667
2023-03-20 02:10:00,1.0,0.134123641814947,234430464.0,0.0038828571428571,28.4
2023-03-20 02:11:00,1.0,0.1187791480066891,234496000.0,0.0042514285714285,17.933
2023-03-20 02:12:00,1.0,0.1092262723592262,234680320.0,0.0042492307692307,15.933
2023-03-20 02:13:00,1.0,0.0769370479397052,234553344.0,0.0039470588235294,11.0
2023-03-20 02:14:00,1.0,0.0822146319355637,234774528.0,0.0030923076923076,7.6
2023-03-20 02:15:00,1.0,0.0775366108949004,234848256.0,0.0035571428571428,6.333
2023-03-20 02:16:00,1.0,0.075458754817744,234876928.0,0.000475,1.667
2023-03-20 02:17:00,1.0,0.0764349732825828,234876928.0,0.0038,1.933
2023-03-20 02:18:00,1.0,0.0753221753900295,234790912.0,0.0004749999999999,0.4
2023-03-20 02:19:00,1.0,0.0793060224575288,235511808.0,0.0027199999999999,4.533
2023-03-20 02:20:00,1.0,0.0802258202191279,235974656.0,0.0027333333333333,5.0
2023-03-20 02:21:00,1.0,0.0974845909947058,236224512.0,0.00205,11.8
2023-03-20 02:22:00,1.0,0.11314378777587,235028480.0,0.003985,17.533
2023-03-20 02:23:00,1.0,0.1445545637294775,234979328.0,0.0040703296703296,30.667
2023-03-20 02:24:00,1.0,0.1636751715052684,234921984.0,0.003193220338983,36.4
2023-03-20 02:25:00,1.0,0.179937931631222,234921984.0,0.0016829268292682,45.4
2023-03-20 02:26:00,1.0,0.1895379408104547,234856448.0,0.0023307692307692,47.067
2023-03-20 02:27:00,1.0,0.226006618300856,234864640.0,0.003538596491228,57.867
2023-03-20 02:28:00,1.0,0.2389124189717788,235016192.0,0.0040832432432432,58.8
2023-03-20 02:29:00,1.0,0.2586585329024752,235028480.0,0.0036235294117647,65.933
2023-03-20 02:30:00,1.0,0.2701179648709042,235061248.0,0.0035392592592592,67.133
2023-03-20 02:31:00,1.0,0.2660219386819267,235069440.0,0.0035931034482758,69.733
2023-03-20 02:32:00,1.0,0.2877639999752724,235069440.0,0.0036413793103448,69.667
2023-03-20 02:33:00,1.0,0.2636152255517705,235069440.0,0.0032879310344827,66.2
2023-03-20 02:34:00,1.0,0.2459806737350322,235069440.0,0.0033641509433962,60.267
2023-03-20 02:35:00,1.0,0.248266265928193,234713088.0,0.0032173913043478,61.333
2023-03-20 02:36:00,1.0,0.242232894497019,234582016.0,0.0040789189189189,57.133
2023-03-20 02:37:00,1.0,0.2118644300769228,234778624.0,0.0033681818181818,49.333
2023-03-20 02:38:00,1.0,0.1882406851382253,234786816.0,0.0027999999999999,42.667
2023-03-20 02:39:00,1.0,0.148059488616857,234762240.0,0.0036645161290322,30.067
2023-03-20 02:40:00,1.0,0.135153204949314,234876928.0,0.0041054054054054,25.133
2023-03-20 02:41:00,1.0,0.0910016729917939,234754048.0,0.0036333333333333,20.6
2023-03-20 02:42:00,1.0,0.0907559954719643,234754048.0,0.0040387096774193,9.8
2023-03-20 02:43:00,1.0,0.0831741987584353,234790912.0,0.0012571428571428,8.8
2023-03-20 02:44:00,1.0,0.0705293815649345,234868736.0,0.000475,2.0
2023-03-20 02:45:00,1.0,0.0682984675781011,236068864.0,0.000475,1.8
2023-03-20 02:46:00,1.0,0.0744027001217546,234811392.0,0.0004865853658536,2.6
2023-03-20 02:47:00,1.0,0.0594690733898124,234827776.0,0.000475,0.467
2023-03-20 02:48:00,1.0,0.0758603404921202,234811392.0,0.000475,2.6
2023-03-20 02:49:00,1.0,0.0708701613328295,234811392.0,0.003,1.267
2023-03-20 02:50:00,1.0,0.0764802489756316,234897408.0,0.0039714285714285,5.362
2023-03-20 02:51:00,1.0,0.0896819651499114,234938368.0,0.0043166666666666,11.6
2023-03-20 02:52:00,1.0,0.1040099900319526,235560960.0,0.0036411764705882,15.133
2023-03-20 02:53:00,1.0,0.122352361866368,235675648.0,0.0038307692307692,21.067
2023-03-20 02:54:00,1.0,0.1485916354618653,235560960.0,0.0040436781609195,31.067
2023-03-20 02:55:00,1.0,0.1608193224689134,235573248.0,0.002536,41.8
2023-03-20 02:56:00,1.0,0.1958670137138451,235487232.0,0.0029735294117647,47.067
2023-03-20 02:57:00,1.0,0.2112056839628683,235343872.0,0.0035045871559632,55.867
2023-03-20 02:58:00,1.0,0.2392343344451493,235372544.0,0.0032499999999999,59.0
2023-03-20 02:59:00,1.0,0.2614346656617413,235405312.0,0.0030718446601941,66.267
2023-03-20 03:00:00,1.0,0.2597647011459751,235380736.0,0.004076923076923,68.267
2023-03-20 03:01:00,1.0,0.2702685692382392,235200512.0,0.0046459770114942,66.667
2023-03-20 03:02:00,1.0,0.274082975499085,235212800.0,0.0038055172413793,68.867
2023-03-20 03:03:00,1.0,0.2671931279716331,235216896.0,0.0034523809523809,65.733
2023-03-20 03:04:00,1.0,0.2462285932168924,235216896.0,0.0036611940298507,63.533
2023-03-20 03:05:00,1.0,0.1888652553947311,235212800.0,0.0035282051282051,59.6
2023-03-20 03:06:00,1.0,0.2261887125420018,235278336.0,0.0032537634408602,54.133
2023-03-20 03:07:00,1.0,0.196388900374212,235237376.0,0.0030555555555555,46.4
2023-03-20 03:08:00,1.0,0.1850908333463742,235270144.0,0.00295,41.533
2023-03-20 03:09:00,1.0,0.1549912434447668,235245568.0,0.0029916666666666,33.0
2023-03-20 03:10:00,1.0,0.1375470222689554,234741760.0,0.0041861386138613,31.4
2023-03-20 03:11:00,1.0,0.1203554010796935,234741760.0,0.0041710526315789,20.133
2023-03-20 03:12:00,1.0,0.0997980519768973,234745856.0,0.0042192307692307,13.8
2023-03-20 03:13:00,1.0,0.08833913109055,234807296.0,0.0037826086956521,8.8
2023-03-20 03:14:00,1.0,0.0783192505163097,234688512.0,0.0016999999999999,4.4
2023-03-20 03:15:00,1.0,0.0698309500541789,234659840.0,0.0016999999999999,1.667
2023-03-20 03:16:00,1.0,0.0739546358075022,234688512.0,0.0023999999999999,2.467
2023-03-20 03:17:00,1.0,0.0739896422686866,234745856.0,0.0016,1.6
2023-03-20 03:18:00,1.0,0.0753901358598461,234741760.0,0.000475,1.133
2023-03-20 03:19:00,1.0,0.0726547481577335,234749952.0,0.000475,2.133
2023-03-20 03:20:00,1.0,0.0819001636377854,234913792.0,0.000475,2.533
2023-03-20 03:21:00,1.0,0.0921320423331241,234881024.0,0.0034470588235294,8.933
2023-03-20 03:22:00,1.0,0.1097391796470091,235016192.0,0.0034967741935483,16.867
2023-03-20 03:23:00,1.0,0.1433059932008512,235327488.0,0.0035098039215686,28.2
2023-03-20 03:24:00,1.0,0.1360804119482414,236101632.0,0.0037515151515151,31.333
2023-03-20 03:25:00,1.0,0.1623471468837432,236515328.0,0.003003448275862,38.733
2023-03-20 03:26:00,1.0,0.1658753307208712,236564480.0,0.0012358974358974,49.867
2023-03-20 03:27:00,1.0,0.2236560971633931,235249664.0,0.0033557692307692,57.8
2023-03-20 03:28:00,1.0,0.2374420184332489,235261952.0,0.003422429906542,60.533
2023-03-20 03:29:00,1.0,0.2264215074850562,235163648.0,0.0034756302521008,60.667
2023-03-20 03:30:00,1.0,0.2590755499656441,235388928.0,0.0035488372093023,65.333
2023-03-20 03:31:00,1.0,0.244631926506935,235417600.0,0.0034418604651162,70.0
2023-03-20 03:32:00,1.0,0.2283240805104379,235429888.0,0.0038279069767441,70.667
2023-03-20 03:33:00,1.0,0.2764757202057358,235331584.0,0.0032578947368421,67.667
2023-03-20 03:34:00,1.0,0.2451942267911493,235356160.0,0.0031452830188679,64.867
2023-03-20 03:35:00,1.0,0.2597275354839512,234913792.0,0.0031884615384615,65.333
2023-03-20 03:36:00,1.0,0.2349857784270365,234913792.0,0.0033615384615384,56.133
2023-03-20 03:37:00,1.0,0.2010618194194892,234913792.0,0.0023785714285714,48.133
2023-03-20 03:38:00,1.0,0.1706947380895094,234889216.0,0.0028406779661016,41.333
2023-03-20 03:39:00,1.0,0.1691871196579752,234708992.0,0.0022863636363636,39.4
2023-03-20 03:40:00,1.0,0.1431150265295027,234733568.0,0.0038246575342465,30.4
2023-03-20 03:41:00,1.0,0.1088765417588192,234733568.0,0.0040096774193548,19.933
2023-03-20 03:42:00,1.0,0.0845445779824883,234700800.0,0.0039931034482758,9.267
2023-03-20 03:43:00,1.0,0.0623721052583992,234741760.0,0.0037714285714285,6.4
2023-03-20 03:44:00,1.0,0.0552103292585732,234782720.0,0.0004865853658536,2.267
2023-03-20 03:45:00,1.0,0.0619044260143683,234795008.0,0.000475,1.667
2023-03-20 03:46:00,1.0,0.0714471290394351,234905600.0,0.000486875,2.933
2023-03-20 03:47:00,1.0,0.0702444055640315,234827776.0,0.000475,1.8
2023-03-20 03:48:00,1.0,0.076148152248,234819584.0,0.000475,0.533
2023-03-20 03:49:00,1.0,0.0809395559963137,234962944.0,0.0038199999999999,4.933
2023-03-20 03:50:00,1.0,0.078046243341195,235028480.0,0.00135,5.467
2023-03-20 03:51:00,1.0,0.0946265462055473,235159552.0,0.0031625,10.467
2023-03-20 03:52:00,1.0,0.1158530074740688,235868160.0,0.0037434782608695,19.333
2023-03-20 03:53:00,1.0,0.130282206590622,236376064.0,0.0033757575757575,20.8
2023-03-20 03:54:00,1.0,0.1516318075720683,236437504.0,0.0036171428571428,33.733
2023-03-20 03:55:00,1.0,0.1686558847199931,235421696.0,0.0004982517482517,40.667
2023-03-20 03:56:00,1.0,0.1838020464569141,235364352.0,0.0021918367346938,47.533
2023-03-20 03:57:00,1.0,0.2025664537636378,235401216.0,0.0029369863013698,51.067
2023-03-20 03:58:00,1.0,0.2227992257170629,235401216.0,0.0038271428571428,55.933
2023-03-20 03:59:00,1.0,0.2514428933596586,235401216.0,0.0032181818181818,67.6
2023-03-20 04:00:00,1.0,0.2794157178132565,235429888.0,0.0036506666666666,69.333
2023-03-20 04:01:00,1.0,0.2652423940139637,235429888.0,0.0035162790697674,66.067
2023-03-20 04:02:00,1.0,0.2776396568331657,235429888.0,0.0037341317365269,70.667
2023-03-20 04:03:00,1.0,0.2632484407194176,235081728.0,0.0031799999999999,65.333
2023-03-20 04:04:00,1.0,0.2504077282065373,235081728.0,0.0032867924528301,62.933
2023-03-20 04:05:00,1.0,0.2422874201481417,235081728.0,0.0029934065934065,61.2
2023-03-20 04:06:00,1.0,0.2468907011293913,235081728.0,0.0040979166666666,60.133
2023-03-20 04:07:00,1.0,0.188375569842089,235081728.0,0.0030552631578947,51.6
2023-03-20 04:08:00,1.0,0.193543464905131,235081728.0,0.0016097560975609,46.533
2023-03-20 04:09:00,1.0,0.1700769004944047,235081728.0,0.0017222222222222,38.6
2023-03-20 04:10:00,1.0,0.1441742563075673,235098112.0,0.0041165048543689,31.0
2023-03-20 04:11:00,1.0,0.1106333725047692,235102208.0,0.0031812499999999,21.333
2023-03-20 04:12:00,1.0,0.0995276302504815,235167744.0,0.0039837837837837,11.6
2023-03-20 04:13:00,1.0,0.0793570365922425,235016192.0,0.0025499999999999,6.333
2023-03-20 04:14:00,1.0,0.0718481190692791,234983424.0,0.0004875,2.733
2023-03-20 04:15:00,1.0,0.0669363362584083,234950656.0,0.000475,1.067
2023-03-20 04:16:00,1.0,0.0700694781751505,235048960.0,0.000497619047619,1.733
2023-03-20 04:17:00,1.0,0.0729317425625123,235134976.0,0.0018999999999999,1.4
2023-03-20 04:18:00,1.0,0.0801900634430874,235270144.0,0.0026,0.733
2023-03-20 04:19:00,1.0,0.0799545349989293,235270144.0,0.000475,0.267
2023-03-20 04:20:00,1.0,0.0705277695022792,235323392.0,0.003,2.667
2023-03-20 04:21:00,1.0,0.0954130137932252,235368448.0,0.0036631578947368,8.867
2023-03-20 04:22:00,1.0,0.1061054133684094,235954176.0,0.0031461538461538,15.8
2023-03-20 04:23:00,1.0,0.1388391257688906,236326912.0,0.0037811320754716,23.2
2023-03-20 04:24:00,1.0,0.155290690251766,236531712.0,0.0037095890410958,32.0
2023-03-20 04:25:00,1.0,0.1651909420305392,235597824.0,0.0024844444444444,37.467
2023-03-20 04:26:00,1.0,0.1746910777296795,235565056.0,0.0017857142857142,44.933
2023-03-20 04:27:00,1.0,0.2076054768618863,235081728.0,0.0023864406779661,54.333
2023-03-20 04:28:00,1.0,0.2354790227039334,235163648.0,0.0027552631578947,59.8
2023-03-20 04:29:00,1.0,0.2560728091798647,235192320.0,0.0030857142857142,65.733
2023-03-20 04:30:00,1.0,0.2892815061388206,235151360.0,0.0040873786407766,70.71
2023-03-20 04:31:00,1.0,0.2936036059342415,235155456.0,0.0039100529100529,70.067
2023-03-20 04:32:00,1.0,0.2422615738355744,235134976.0,0.0033290322580645,68.733
2023-03-20 04:33:00,1.0,0.2776373732799478,235237376.0,0.003393388429752,68.4
2023-03-20 04:34:00,1.0,0.2723299814492719,235237376.0,0.0035810218978102,65.933
2023-03-20 04:35:00,1.0,0.232185838403658,234983424.0,0.0036124031007751,58.533
2023-03-20 04:36:00,1.0,0.2283195048870986,234950656.0,0.0034230769230769,55.533
2023-03-20 04:37:00,1.0,0.2084113023183628,234684416.0,0.0027915492957746,51.667
2023-03-20 04:38:00,1.0,0.1908037377111651,234639360.0,0.00258,44.467
2023-03-20 04:39:00,1.0,0.1630268406594598,234803200.0,0.0023349999999999,35.2
2023-03-20 04:40:00,1.0,0.1417123196649663,234897408.0,0.0041099999999999,29.0
2023-03-20 04:41:00,1.0,0.1107220645345959,234921984.0,0.0040727272727272,20.0
2023-03-20 04:42:00,1.0,0.1028445248981958,234921984.0,0.0038742857142857,13.133
2023-03-20 04:43:00,1.0,0.0850793909436926,235065344.0,0.0038260869565217,8.8
2023-03-20 04:44:00,1.0,0.0793471481266441,235266048.0,0.00392,6.867
2023-03-20 04:45:00,1.0,0.0706023309228281,235282432.0,0.0004965909090909,2.8
2023-03-20 04:46:00,1.0,0.0725782991834725,235139072.0,0.000475,1.0
2023-03-20 04:47:00,1.0,0.0756011478714881,235151360.0,0.000475,1.333
2023-03-20 04:48:00,1.0,0.0639087267851382,235180032.0,0.000475,0.6
2023-03-20 04:49:00,1.0,0.0592435359294792,235352064.0,0.000475,0.933
2023-03-20 04:50:00,1.0,0.0573689986734569,235655168.0,0.0013333333333333,4.0
2023-03-20 04:51:00,1.0,0.0833549097452996,236220416.0,0.0038,11.733
2023-03-20 04:52:00,1.0,0.1027641748951558,236539904.0,0.0039215686274509,17.467
2023-03-20 04:53:00,1.0,0.1146346025417027,236601344.0,0.0035879999999999,24.0
2023-03-20 04:54:00,1.0,0.1394236270360477,235868160.0,0.0038146341463414,31.733
2023-03-20 04:55:00,1.0,0.168793577896413,235929600.0,0.0013151515151515,41.6
2023-03-20 04:56:00,1.0,0.1759309895079518,235737088.0,0.0021531914893616,44.267
2023-03-20 04:57:00,1.0,0.2055042115473206,235737088.0,0.0029243243243243,51.267
2023-03-20 04:58:00,1.0,0.3542340148492732,240513024.0,0.003446017699115,59.733
2023-03-20 04:59:00,1.0,0.2546115589991577,234299392.0,0.0026839506172839,62.4
2023-03-20 05:00:00,1.0,0.2681786958512009,234106880.0,0.0032333333333333,65.8
2023-03-20 05:01:00,1.0,0.2685515836169414,234053632.0,0.0035167883211678,69.4
2023-03-20 05:02:00,1.0,0.2922599727254759,233291776.0,0.0036705128205128,70.267
2023-03-20 05:03:00,1.0,0.2651773185424307,233324544.0,0.003453125,70.067
2023-03-20 05:04:00,1.0,0.231043435719529,233291776.0,0.0032879999999999,62.333
2023-03-20 05:05:00,1.0,0.2267730196513797,233410560.0,0.0033057692307692,58.6
2023-03-20 05:06:00,1.0,0.2225791987348208,233484288.0,0.0033650485436893,55.8
2023-03-20 05:07:00,1.0,0.1883074849262005,233414656.0,0.002376,45.8
2023-03-20 05:08:00,1.0,0.1883802526588764,233476096.0,0.0031527777777777,44.067
2023-03-20 05:09:00,1.0,0.1633485118655684,233467904.0,0.0004999530956848,37.067
2023-03-20 05:10:00,1.0,0.1492876943840386,233406464.0,0.0034724137931034,30.8
2023-03-20 05:11:00,1.0,0.1140928199115192,233406464.0,0.0040985074626865,21.467
2023-03-20 05:12:00,1.0,0.113833050042119,233623552.0,0.0044,17.6
2023-03-20 05:13:00,1.0,0.0998972234294503,233480192.0,0.0038742857142857,12.8
2023-03-20 05:14:00,1.0,0.0895858672089394,233455616.0,0.003778947368421,8.8
2023-03-20 05:15:00,1.0,0.0799322451242216,237793280.0,0.0004875,7.4
2023-03-20 05:16:00,1.0,0.0665778897627886,237903872.0,0.000475,2.667
2023-03-20 05:17:00,1.0,0.073000436890679,234680320.0,0.0018999999999999,2.2
2023-03-20 05:18:00,1.0,0.0737630948585357,234713088.0,0.000475,0.4
2023-03-20 05:19:00,1.0,0.0766695006859709,233984000.0,0.000494,1.733
2023-03-20 05:20:00,1.0,0.0821631151349853,234008576.0,0.0016666666666666,3.2
2023-03-20 05:21:00,1.0,0.0917460874426167,234123264.0,0.0038380952380952,7.867
2023-03-20 05:22:00,1.0,0.1086703370274636,234819584.0,0.0033586206896551,15.8
2023-03-20 05:23:00,1.0,0.1378280510499187,235057152.0,0.0026814814814814,26.733
2023-03-20 05:24:00,1.0,0.153586092864744,235126784.0,0.00257,34.333
2023-03-20 05:25:00,1.0,0.1717442273324281,234868736.0,0.0010624999999999,43.4
2023-03-20 05:26:00,1.0,0.1624484548766613,234840064.0,0.0019155555555555,46.333
2023-03-20 05:27:00,1.0,0.2135659745769982,234045440.0,0.0021793103448275,55.4
2023-03-20 05:28:00,1.0,0.2366668511136337,234110976.0,0.0032848484848484,59.867
2023-03-20 05:29:00,1.0,0.2545451702798929,234049536.0,0.0031764705882352,64.067
2023-03-20 05:30:00,1.0,0.2494132743708881,234049536.0,0.0034948148148148,67.667
2023-03-20 05:31:00,1.0,0.2707437081190906,234074112.0,0.0032017857142857,70.0
2023-03-20 05:32:00,1.0,0.2732726428898889,234074112.0,0.0036043795620437,68.867
2023-03-20 05:33:00,1.0,0.2170494328386282,233955328.0,0.0029768421052631,66.4
2023-03-20 05:34:00,1.0,0.2505822744715977,233955328.0,0.0033752577319587,60.867
2023-03-20 05:35:00,1.0,0.2417064400957893,233623552.0,0.0032142857142857,61.067
2023-03-20 05:36:00,1.0,0.2375967896159284,233684992.0,0.0030629213483146,58.667
2023-03-20 05:37:00,1.0,0.2076988562143211,233840640.0,0.0032329411764705,50.8
2023-03-20 05:38:00,1.0,0.1893528261050729,233779200.0,0.0032999999999999,45.467
2023-03-20 05:39:00,1.0,0.1579984730549885,233779200.0,0.003078431372549,33.8
2023-03-20 05:40:00,1.0,0.1264581705743489,233869312.0,0.0040414634146341,25.8
2023-03-20 05:41:00,1.0,0.1160974379695966,233893888.0,0.0042404494382022,22.533
2023-03-20 05:42:00,1.0,0.0972676727107441,233844736.0,0.0040439024390243,12.667
2023-03-20 05:43:00,1.0,0.086850776676039,233971712.0,0.0038758620689655,11.0
2023-03-20 05:44:00,1.0,0.066290930972059,234004480.0,0.0004983606557377,4.067
2023-03-20 05:45:00,1.0,0.0701538769107414,233959424.0,0.000475,1.467
2023-03-20 05:46:00,1.0,0.0678817416280404,233902080.0,0.000475,1.467
