Time,pods,cpu,cpu_limit,memory,memory_limit,rt,tp,rt_jmeter,rt_jmeter_99,rt_jmeter_95,rt_jmeter_75,rt_jmeter_50,tp_jmeter,success,failures,costs
2023-03-20 21:50:00,1.0,0.0138851493550129,2.2,75034624.0,1152.0,0.0,0.0,22.8869537230337,0.0,0.8537369889369889,0.6193608826358826,1.8171518734968732,4.499990695045695,1.0,0.0,0.001725085775
2023-03-20 21:51:00,1.0,0.0135352793860454,2.2,76836864.0,1152.0,0.0,0.0,31.602828378115756,2.512345555555555,4.143614434824434,2.675472443482443,3.2871982732082725,4.913987859547859,1.0,0.0,0.001725085775
2023-03-20 21:52:00,1.0,0.0127834388329368,2.2,74231808.0,1152.0,0.0,0.0,41.89645138882855,9.17269936988937,13.157169718614718,5.721653311688311,7.098038927368927,9.51726506253006,1.0,0.0,0.001725085775
2023-03-20 21:53:00,1.0,0.0206702085968859,2.2,75104256.0,1152.0,0.0047655172413793,2.4,66.93464374626528,41.25861575550326,30.972178130422435,12.973543114388644,9.620077112522866,28.644402334922155,1.0,0.0,0.001725085775
2023-03-20 21:54:00,1.0,0.0142868323720081,2.2,75489280.0,1152.0,0.0048,0.667,51.31232142824499,41.06631284271284,28.25074516594516,18.16743492063492,8.384688215488215,41.12508552188552,1.0,0.0,0.001725085775
2023-03-20 21:55:00,1.0,0.0239519127616237,2.2,76546048.0,1152.0,0.0046857142857142,0.733,54.92501047322117,6.993072209588941,25.484549692590157,6.125179875089602,5.771812880706264,53.35718389827494,1.0,0.0,0.001725085775
2023-03-20 21:56:00,1.0,0.0223155267718959,2.2,77549568.0,1152.0,0.0047523809523809,1.934,48.13967873334708,0.0,20.10780366496164,28.682653383567,5.052219839304662,76.82976592233244,1.0,0.0,0.001725085775
2023-03-20 21:57:00,1.0,0.0271562508366246,2.2,78798848.0,1152.0,0.0047354838709677,3.0,43.62491384914404,27.135141317941315,16.247989225589226,3.0745094757094757,12.70902607022607,107.72898855218855,1.0,0.0,0.001725085775
2023-03-20 21:58:00,1.0,0.0297682212147352,2.2,79200256.0,1152.0,0.00472,3.2,66.213655101431,265.54518037518034,18.019670995671,6.158040019240019,4.204205675805675,125.81825127465127,1.0,0.0,0.001725085775
2023-03-20 21:59:00,1.0,0.0324579352575629,2.2,78528512.0,1152.0,0.0047576923076923,4.067,48.4803740048097,95.26138393458392,21.247548629148625,3.0586291486291484,4.732400962000962,144.82376315536314,1.0,0.0,0.001725085775
2023-03-20 22:00:00,1.0,0.0395080222746132,2.2,78606336.0,1152.0,0.0047899999999999,3.936,53.783215771533534,94.71819509379507,14.5207518999519,6.62128985088985,4.758285906685906,160.79603905723903,1.0,0.0,0.001725085775
2023-03-20 22:01:00,1.0,0.0422266271681996,2.2,79839232.0,1152.0,0.004904109589041,4.798,78.15752875173456,318.63956277056275,13.661656565656566,5.372199134199134,7.371020875420875,175.38198229918223,1.0,0.0,0.001725085775
2023-03-20 22:02:00,1.0,0.0455274771276305,2.2,80973824.0,1152.0,0.0048416666666666,5.07,61.9843882753346,157.92608196248193,19.25389052429052,2.586358249158249,1.6942728234728237,187.6167447811448,1.0,0.0,0.001725085775
2023-03-20 22:03:00,1.0,0.0420962113395664,2.2,82038784.0,1152.0,0.0049030303030303,4.997,61.20376441758895,321.4899210293411,17.986757671957672,5.878197787397787,0.2039086099086099,183.47532275132275,1.0,0.0,0.001725085775
2023-03-20 22:04:00,1.0,0.0376301433887466,2.2,82894848.0,1152.0,0.0048970588235294,4.667,55.82371600489177,203.15712650312645,9.368807888407886,4.887218855218855,0.7460427128427128,185.3256429052429,1.0,0.0,0.001725085775
2023-03-20 22:05:00,1.0,0.039740498317834,2.2,84353024.0,1152.0,0.004785294117647,4.867,55.63103179429948,135.96841173641172,20.05728177008177,4.294052525252525,10.995210197210197,183.857255026455,1.0,0.0,0.001725085775
2023-03-20 22:06:00,1.0,0.0385323550590414,2.2,85594112.0,1152.0,0.00477,4.8,51.1007300070363,220.51635834535836,13.761999807599803,18.1163771043771,3.0315147667147664,175.897002020202,1.0,0.0,0.001725085775
2023-03-20 22:07:00,1.0,0.0347795673269516,2.2,85536768.0,1152.0,0.0047466666666666,4.002,46.68190714204511,198.96437835436137,18.473568240267507,7.177368676130421,18.10654370569266,167.40132669935636,1.0,0.0,0.001725085775
2023-03-20 22:08:00,1.0,0.0330108357249662,2.2,86147072.0,1152.0,0.0047380952380952,3.6,44.13471270686778,140.6456771172911,4.911462240713602,16.15537413490098,8.086602277733794,152.08987688933053,1.0,0.0,0.001725085775
2023-03-20 22:09:00,1.0,0.0269857299734773,2.2,87179264.0,1152.0,0.0046,3.533,44.46778991022621,36.60923578643578,7.055237902837901,18.733240981240986,3.751918422318422,133.05908417508414,1.0,0.0,0.001725085775
2023-03-20 22:10:00,1.0,0.0241690745153818,2.2,87732224.0,1152.0,0.0040399999999999,3.065,42.379012675287335,22.87635863395863,26.41094699374699,12.3168177008177,10.030362097162094,118.00989110149108,1.0,0.0,0.001725085775
2023-03-20 22:11:00,1.0,0.0256067354350897,2.2,87756800.0,1152.0,0.0046555555555555,2.068,43.28318232869792,18.711484944684944,17.821612506012507,6.6882024050024045,9.29823261183261,100.13894199134198,1.0,0.0,0.001725085775
2023-03-20 22:12:00,1.0,0.0231996455235993,2.2,84824064.0,1152.0,0.0048181818181818,2.602,45.89949855001676,8.583484367484367,16.760083886483887,11.382500817700818,4.849853968253968,85.1417646945647,1.0,0.0,0.001725085775
2023-03-20 22:13:00,1.0,0.0200415683595946,2.2,84242432.0,1152.0,0.0047294117647058,1.667,48.439776115437766,18.57186089466089,6.237170177970178,9.70604983164983,4.282080808080807,65.3428405964406,1.0,0.0,0.001725085775
2023-03-20 22:14:00,1.0,0.0183260614457845,2.2,84901888.0,1152.0,0.0129999999999999,1.133,54.416530255368414,20.664878691678688,12.687049735449731,9.12460933140933,4.423477248677248,40.71335969215969,1.0,0.0,0.001725085775
2023-03-20 22:15:00,1.0,0.0139738038838558,2.2,84942848.0,1152.0,0.00464,0.666,47.57487277773822,7.096265512265512,4.993929581529581,3.3033194805194803,2.8547205387205388,27.072967388167385,1.0,0.0,0.001725085775
2023-03-20 22:16:00,1.0,0.0135953013039269,2.2,84799488.0,1152.0,0.0046666666666666,0.133,47.19461219518377,5.951944011544011,7.5084831168831165,4.771461471861471,1.55019721019721,16.198406734006735,1.0,0.0,0.001725085775
2023-03-20 22:17:00,1.0,0.0121734763223808,2.2,84639744.0,1152.0,0.0041999999999999,0.2,37.11463875295397,2.324558152958153,0.2446903318903318,0.0,3.058629148629149,6.629107070707071,1.0,0.0,0.001725085775
2023-03-20 22:18:00,1.0,0.0115191412274573,2.2,85053440.0,1152.0,0.0046,0.2,36.40649224302582,4.086972967772967,0.4153885521885522,0.155801443001443,4.111628475228475,5.417135353535352,1.0,0.0,0.001725085775
2023-03-20 22:19:00,1.0,0.0108845757359107,2.2,84942848.0,1152.0,0.0046666666666666,0.2,37.16912100095178,7.704328619528619,4.893806637806637,0.0815634439634439,2.7731570947570945,7.381737566137566,1.0,0.0,0.001725085775
2023-03-20 22:20:00,1.0,0.0121281523457144,2.2,85209088.0,1152.0,0.0004749999999999,0.133,32.46637613378685,8.553419336219335,2.365339874939875,2.9734029822029817,4.437882251082251,3.0549664261664264,1.0,0.0,0.001725085775
2023-03-20 22:21:00,1.0,0.012342686168257,2.2,85233664.0,1152.0,0.0048,0.0,32.52382512787723,8.18028783068783,0.0815634439634439,0.2039086099086098,5.4039597883597885,3.9597356421356418,1.0,0.0,0.001725085775
2023-03-20 22:22:00,1.0,0.0132428279147859,2.2,84992000.0,1152.0,0.0004749999999999,0.133,37.68278788415613,6.706761904761905,5.154377296777296,6.449387782587783,4.894544300144299,7.367086676286674,1.0,0.0,0.001725085775
2023-03-20 22:23:00,1.0,0.0131451410822689,2.2,85123072.0,1152.0,0.0046857142857142,0.667,40.71681827863288,5.220060413660413,6.805435113035113,5.220060413660413,4.332400962000961,18.534690716690715,0.9789369021187316,0.0210630978812684,0.001725085775
2023-03-20 22:24:00,1.0,0.0169641588030207,2.2,89030656.0,1152.0,0.00465,1.401,45.242826788514215,11.537836075036076,18.640935257335254,9.526576430976432,3.548009812409812,39.32678114478114,0.9909362092224724,0.0090637907775273,0.001725085775
2023-03-20 22:25:00,1.0,0.0202246270900788,2.2,87015424.0,1152.0,0.0046571428571428,2.065,47.300806699464246,15.508313997113996,13.531740067340063,7.038399615199614,4.0185850889850885,67.82393785473785,1.0,0.0,0.001725085775
2023-03-20 22:26:00,1.0,0.0218465070524819,2.2,87351296.0,1152.0,0.00466,2.067,46.24490600778371,15.873653872053872,11.911459355459357,9.003985377585375,12.934665127465127,87.06607696007696,1.0,0.0,0.001725085775
2023-03-20 22:27:00,1.0,0.0226151700426181,2.2,86036480.0,1152.0,0.00422,2.935,42.56804480876054,13.19030845596709,7.746182799946264,6.7254509083324185,11.893749326265484,99.71011849822088,1.0,0.0,0.001725085775
2023-03-20 22:28:00,1.0,0.0252142770611416,2.2,86249472.0,1152.0,0.0047724137931034,4.067,68.68889928728952,309.6146511528152,15.729004506520337,5.959526130327364,1.4509713283127148,129.41126250753058,1.0,0.0,0.001725085775
2023-03-20 22:29:00,1.0,0.0304341815826028,2.2,86745088.0,1152.0,0.0046117647058823,4.4,45.047660166665,40.25307051467051,12.541524386724388,14.62207869167869,6.624486387686388,154.45240404040405,1.0,0.0,0.001725085775
2023-03-20 22:30:00,1.0,0.0314547436986175,2.2,86855680.0,1152.0,0.0048088888888888,4.597,53.770437610392456,255.10269187109185,11.891204232804233,5.967086676286676,3.1550893698893696,163.5247517075517,1.0,0.0,0.001725085775
2023-03-20 22:31:00,1.0,0.0338328971880267,2.2,87040000.0,1152.0,0.0046388888888888,4.397,59.74474488484356,196.46227215007212,8.787664454064451,3.9150453102453096,3.978295141895141,166.50181741221743,1.0,0.0,0.001725085775
2023-03-20 22:32:00,1.0,0.0355414974514888,2.2,87351296.0,1152.0,0.0048178571428571,4.93,54.60482211694218,187.72640057720056,7.211751418951418,3.9670610870610874,2.4701090909090904,174.5143320827321,1.0,0.0,0.001725085775
2023-03-20 22:33:00,1.0,0.0401420142077136,2.2,87449600.0,1152.0,0.0048272727272727,5.2,388.1714539344084,1299.1954428146578,6.006840976000508,6.076115026866777,0.2855585216628017,190.11344529527253,1.0,0.0,0.001725085775
2023-03-20 22:34:00,1.0,0.0390565163455282,2.2,87715840.0,1152.0,0.0047794117647058,5.0,55.07892629345282,1052.288564694565,16.595973448773446,2.902361519961519,0.2446903318903318,194.89127984607984,1.0,0.0,0.001725085775
2023-03-20 22:35:00,1.0,0.0362322349470393,2.2,87900160.0,1152.0,0.004872,4.537,55.71761835426808,852.8487822991823,6.932892736892736,1.9782695526695524,0.1223451659451659,189.18159288119284,1.0,0.0,0.001725085775
2023-03-20 22:36:00,1.0,0.037347178535252,2.2,88162304.0,1152.0,0.00475,5.064,50.702347724721406,535.4041731601732,24.97459124579124,3.967824338624338,8.091619240019238,181.8884983164983,1.0,0.0,0.001725085775
2023-03-20 22:37:00,1.0,0.0326672727018482,2.2,88555520.0,1152.0,0.0047041666666666,4.536,48.386138758877614,1119.542475228475,21.64068936988937,6.81054757094757,2.671092640692641,178.7778533910534,1.0,0.0,0.001725085775
2023-03-20 22:38:00,1.0,0.0309019877690142,2.2,89493504.0,1152.0,0.0047199999999999,4.004,46.33757067039512,615.7920935064935,29.99069187109187,6.728984126984126,10.682869648869646,162.47150649350647,1.0,0.0,0.001725085775
2023-03-20 22:39:00,1.0,0.0271936213630913,2.2,89870336.0,1152.0,0.0046344827586206,3.664,42.03384199223255,265.357468013468,23.27124617604617,13.00936931216931,7.60666455026455,136.1216219336219,1.0,0.0,0.001725085775
2023-03-20 22:40:00,1.0,0.0249917910712015,2.2,90796032.0,1152.0,0.0045363636363636,3.333,40.599004609212166,50.0065922077922,13.371784126984124,3.648132756132756,4.545330639730639,118.07289504569502,1.0,0.0,0.001725085775
2023-03-20 22:41:00,1.0,0.0257708492784201,2.2,91185152.0,1152.0,0.0045555555555555,2.998,40.83104982695056,196.73575873015875,23.205071284271284,10.458680327080328,7.503836844636844,108.70750399230396,1.0,0.0,0.001725085775
2023-03-20 22:42:00,1.0,0.0232489725906019,2.2,91598848.0,1152.0,0.004625,2.135,41.85081514332296,53.859302945640536,14.70226363580278,11.480559621652125,4.459387043433462,91.60308169086758,1.0,0.0,0.001725085775
2023-03-20 22:43:00,1.0,0.0198433268100841,2.2,92278784.0,1152.0,0.0046833333333333,1.133,48.4497259429701,19.66001212121212,9.05354227994228,6.769765848965848,2.9770657046657045,61.1161924001924,1.0,0.0,0.001725085775
2023-03-20 22:44:00,1.0,0.0136580848235005,2.2,92471296.0,1152.0,0.00465,0.4,47.57868889083144,11.850642809042808,12.331960365560365,5.391250408850408,4.382695526695526,32.11891274651274,1.0,0.0,0.001725085775
2023-03-20 22:45:00,1.0,0.0142871148473299,2.2,92610560.0,1152.0,0.0047333333333333,0.267,44.97538776864764,6.1768454064454055,3.9150453102453096,3.180974314574314,2.7731570947570945,16.535894564694566,1.0,0.0,0.001725085775
2023-03-20 22:46:00,1.0,0.0125942249959227,2.2,88313856.0,1152.0,0.0046666666666666,0.267,38.677898329089786,10.597151707551706,10.140735545935543,5.005655411255411,4.241790860990861,9.446954497354495,1.0,0.0,0.001725085775
2023-03-20 22:47:00,1.0,0.0107090885897073,2.2,88006656.0,1152.0,0.000475,0.067,35.276047563547564,5.954131409331408,4.078172198172198,3.0178474266474264,2.8547205387205388,3.451795478595478,1.0,0.0,0.001725085775
2023-03-20 22:48:00,1.0,0.0115535344308696,2.2,88158208.0,1152.0,0.0048,0.2,32.90928035171456,6.5365810485810485,5.750222799422799,1.4422570466570466,3.870600865800865,5.442774410774411,1.0,0.0,0.001725085775
2023-03-20 22:49:00,1.0,0.0116966509864095,2.2,87965696.0,1152.0,0.0047999999999999,0.067,32.491868785704405,4.73067974987975,0.0407817219817219,2.9362839826839826,2.569248484848485,5.079401635401635,1.0,0.0,0.001725085775
2023-03-20 22:50:00,1.0,0.0118452867237541,2.2,88547328.0,1152.0,0.0048,0.133,31.731351981351985,5.72482962962963,0.6229598845598845,2.966077537277537,1.260570658970659,1.783407599807599,1.0,0.0,0.001725085775
2023-03-20 22:51:00,1.0,0.0101398096337663,2.2,88657920.0,1152.0,0.0039999999999999,0.267,34.92130865600038,0.3262537758537758,9.366128715728712,3.036406926406926,6.825444348244347,9.435966329966329,1.0,0.0,0.001725085775
2023-03-20 22:52:00,1.0,0.0133930598752811,2.2,88616960.0,1152.0,0.0046,0.333,35.9338269424579,8.239383164983163,13.647963636363636,6.07111822991823,3.874755363155362,13.269448196248195,0.9765293278199586,0.0234706721800414,0.001725085775
2023-03-20 22:53:00,1.0,0.0146028893438308,2.2,88731648.0,1152.0,0.0046999999999999,0.533,41.9689073018612,7.544618566618565,6.49552784992785,3.221756036556036,4.781245791245791,22.624096969696968,0.9851449215685067,0.0148550784314931,0.001725085775
2023-03-20 22:54:00,1.0,0.0179421259074791,2.2,88993792.0,1152.0,0.00445,1.599,44.42198532257356,5.001992688792688,9.237713131313132,6.034245117845117,3.90821164021164,46.65699470899471,1.0,0.0,0.001725085775
2023-03-20 22:55:00,1.0,0.0205250688795944,2.2,89108480.0,1152.0,0.0046461538461538,1.6,43.30111290960578,5.854117759493883,10.514850471025262,0.5707713642065668,2.6387511727625004,58.60055330876785,1.0,0.0,0.001725085775
2023-03-20 22:56:00,1.0,0.0223573932510438,2.2,89358336.0,1152.0,0.0045578947368421,2.733,45.36952474196956,12.671220586820588,6.882598172198172,5.687956517556517,4.011997306397306,82.60255565175564,1.0,0.0,0.001725085775
2023-03-20 22:57:00,1.0,0.021626234329712,2.2,89436160.0,1152.0,0.0042999999999999,2.733,39.618785499942526,21.260037710437707,10.801060317460315,10.670431746031744,8.311187878787878,108.30725810485808,1.0,0.0,0.001725085775
2023-03-20 22:58:00,1.0,0.0268071828966765,2.2,89473024.0,1152.0,0.0044117647058823,3.2,59.944397435762994,212.97292005772005,16.29683405483405,3.7704779220779217,4.042528523328523,125.39944588744588,1.0,0.0,0.001725085775
2023-03-20 22:59:00,1.0,0.0266610941985429,2.2,88756224.0,1152.0,0.0045130434782608,3.933,43.82023547180337,14.275841269841267,16.249956325156322,2.5782951418951416,5.876722462722462,138.8728026936027,1.0,0.0,0.001725085775
2023-03-20 23:00:00,1.0,0.0296547467739115,2.2,89235456.0,1152.0,0.0045615384615384,3.8,45.96757353051756,246.02913593073592,7.044249735449735,7.418610678210678,1.5103990379990375,148.81670918710915,1.0,0.0,0.001725085775
2023-03-20 23:01:00,1.0,0.034608945731431,2.2,89473024.0,1152.0,0.0047586206896551,4.733,61.8798951326554,346.9415069407077,6.067531127403496,2.40499920378678,0.2562458579307685,176.38618022962305,1.0,0.0,0.001725085775
2023-03-20 23:02:00,1.0,0.0357485681002703,2.2,89530368.0,1152.0,0.0048724137931034,4.867,54.364549596381934,380.62324607984607,15.69000038480038,0.6525075517075517,1.5846370370370366,190.78306820586815,1.0,0.0,0.001725085775
2023-03-20 23:03:00,1.0,0.0368753112844407,2.2,89350144.0,1152.0,0.0048254545454545,4.401,69.23403092111566,326.21649100529095,3.928738239538239,0.5301623857623857,0.1223451659451659,182.5930216450216,1.0,0.0,0.001725085775
2023-03-20 23:04:00,1.0,0.037888815069546,2.2,89899008.0,1152.0,0.0048147058823529,5.398,52.82546520305535,258.2052710915584,7.913528143555159,1.944297213078627,0.1003374314172608,187.8387647252863,1.0,0.0,0.001725085775
2023-03-20 23:05:00,1.0,0.0376637762410594,2.2,89800704.0,1152.0,0.0046585365853658,4.6,51.50902180057739,286.23231303511307,2.891839538239538,11.201331794131796,0.3448132756132755,185.8333371813372,1.0,0.0,0.001725085775
2023-03-20 23:06:00,1.0,0.035115627189101,2.2,90382336.0,1152.0,0.0046697674418604,4.467,47.13375842546777,357.2523393939393,7.112391726791727,5.414210293410292,3.4034424242424244,173.51676536796535,1.0,0.0,0.001725085775
2023-03-20 23:07:00,1.0,0.032109397436383,2.2,90607616.0,1152.0,0.0046717948717948,4.067,48.57300600630706,334.9632101972102,8.385917652717652,3.912366137566137,0.0815634439634439,169.74604155844153,1.0,0.0,0.001725085775
2023-03-20 23:08:00,1.0,0.0326759685975592,2.2,92192768.0,1152.0,0.0047657142857142,4.333,45.23193285848642,215.3584527176527,25.091993073593077,14.755657912457911,5.524091967291967,165.43782991822988,1.0,0.0,0.001725085775
2023-03-20 23:09:00,1.0,0.0282211062258906,2.2,91144192.0,1152.0,0.004425,2.867,42.67536943749701,133.95147813371813,3.838619913419913,6.158040019240019,5.423969023569024,149.00913785473784,1.0,0.0,0.001725085775
2023-03-20 23:10:00,1.0,0.0231140543589671,2.2,91107328.0,1152.0,0.004090909090909,3.8,41.03105191487709,103.2620248196248,12.595456084656083,11.271635594035594,3.566569312169312,128.62852736892737,1.0,0.0,0.001725085775
2023-03-20 23:11:00,1.0,0.0243433471743336,2.2,91578368.0,1152.0,0.004475,2.667,40.386506584363,91.92200134680134,16.43503395863396,15.457747955747957,1.9103990379990377,112.22938297258295,1.0,0.0,0.001725085775
2023-03-20 23:12:00,1.0,0.0218856644554598,2.2,91901952.0,1152.0,0.004625,2.267,41.81018771622352,12.237492833092832,9.564187205387205,5.591496296296295,4.605163636363636,90.87367388167388,1.0,0.0,0.001725085775
2023-03-20 23:13:00,1.0,0.0194268647591209,2.2,92270592.0,1152.0,0.0046823529411764,1.533,44.41911526188965,17.437001058201055,9.264530447330449,3.2625377585377584,7.4408329004329,64.9203724867725,1.0,0.0,0.001725085775
2023-03-20 23:14:00,1.0,0.0154532993341559,2.2,92270592.0,1152.0,0.00475,0.734,45.6643710397854,12.051160173160174,11.015982683982685,5.309686964886964,4.423477248677248,38.62567465127465,1.0,0.0,0.001725085775
2023-03-20 23:15:00,1.0,0.0126850466499357,2.2,92327936.0,1152.0,0.0045333333333333,0.4,44.520367243402966,8.11189995189995,6.100911784511784,3.886235305435305,2.732375372775373,20.06559076479077,1.0,0.0,0.001725085775
2023-03-20 23:16:00,1.0,0.0125479393244853,2.2,92852224.0,1152.0,0.0045,0.2,37.37401054111581,10.411802597402598,6.752189898989898,4.905532467532467,4.241790860990861,8.731443001443001,1.0,0.0,0.001725085775
2023-03-20 23:17:00,1.0,0.0116517318054937,2.2,92831744.0,1152.0,0.0,0.0,31.639684049800326,5.342405579605579,3.792700144300144,4.771461471861471,2.6508119288119287,3.5519184223184226,1.0,0.0,0.001725085775
2023-03-20 23:18:00,1.0,0.0104907864913751,2.2,92954624.0,1152.0,0.0041999999999999,0.133,36.31490740740742,9.221807215007214,6.407376623376623,1.3829158249158249,6.380508128908129,4.037636363636364,1.0,0.0,0.001725085775
2023-03-20 23:19:00,1.0,0.011024994409043,2.2,92999680.0,1152.0,0.0,0.0,35.03056675125641,1.462291871091871,3.670354978354978,0.0,4.08183492063492,6.024952573352573,1.0,0.0,0.001725085775
2023-03-20 23:20:00,1.0,0.0120699286741754,2.2,93167616.0,1152.0,0.0,0.0,29.85919928025191,4.934588359788359,0.5599559403559402,2.769494372294372,1.820526599326599,2.3616771524771525,1.0,0.0,0.001725085775
2023-03-20 23:21:00,1.0,0.0122265354236828,2.2,93323264.0,1152.0,0.0,0.0,27.089646464646467,0.1223451659451659,0.2039086099086099,2.69159365079365,3.262537758537758,1.0381025493025493,1.0,0.0,0.001725085775
2023-03-20 23:22:00,1.0,0.0114878751444156,2.2,93433856.0,1152.0,0.000475,0.2,33.07335309617918,1.2507872511637086,4.215385907620666,4.070252711616843,4.5932615069550105,2.517365767988977,0.9536654324370332,0.0463345675629668,0.001725085775
2023-03-20 23:23:00,1.0,0.0142790464843321,2.2,93360128.0,1152.0,0.0047555555555555,0.8,48.254430547627976,10.302387109187109,6.683064357864358,6.365611351611351,4.781245791245791,22.15302991822992,0.9838618637125364,0.0161381362874637,0.001725085775
2023-03-20 23:24:00,1.0,0.0167152126432405,2.2,94138368.0,1152.0,0.0047555555555555,0.8,43.585074929294095,8.938768446368444,16.125889947089945,5.957794131794131,4.422985473785474,35.233958056758055,0.9876308161809652,0.0123691838190347,0.001725085775
2023-03-20 23:25:00,1.0,0.0179062180266119,2.2,95150080.0,1152.0,0.0046923076923076,1.332,47.44276590934545,4.345576527176527,6.562220105820105,4.385866474266474,2.1355463203463203,59.192371909571904,1.0,0.0,0.001725085775
2023-03-20 23:26:00,1.0,0.021610542912883,2.2,94674944.0,1152.0,0.0044571428571428,2.602,44.06595512532055,2.283776430976431,14.14494122174122,6.118513323713323,5.510424627224626,81.04894160654159,1.0,0.0,0.001725085775
2023-03-20 23:27:00,1.0,0.0223254529981915,2.2,89915392.0,1152.0,0.0039714285714285,2.4,40.034111747419125,2.5055324675324675,19.08707532467532,11.77736277056277,8.606418662818662,100.6620248196248,1.0,0.0,0.001725085775
2023-03-20 23:28:00,1.0,0.0230722906533288,2.2,89886720.0,1152.0,0.0042153846153846,3.533,40.57860005444568,16.87879191919192,5.465980182780182,7.136801346801346,4.567552861952862,116.73857816257814,1.0,0.0,0.001725085775
2023-03-20 23:29:00,1.0,0.0279346926805697,2.2,89690112.0,1152.0,0.0047636363636363,4.069,73.30497367178467,385.9999327417028,9.409123424723422,4.376353631553631,1.395379316979317,141.73534045214043,1.0,0.0,0.001725085775
2023-03-20 23:30:00,1.0,0.0348760357125257,2.2,89718784.0,1152.0,0.0049862068965517,4.467,55.30351542512504,222.9416339437312,6.065265442559168,2.6767929169808125,0.3447145650203951,161.81653117697695,1.0,0.0,0.001725085775
2023-03-20 23:31:00,1.0,0.0346545414624908,2.2,89710592.0,1152.0,0.0047307692307692,4.736,62.26543813482734,207.9232296296296,7.699216161616161,2.9343424723424727,0.1223451659451659,174.57733602693602,1.0,0.0,0.001725085775
2023-03-20 23:32:00,1.0,0.0393171031354862,2.2,90025984.0,1152.0,0.0049296296296296,4.8,55.81948511964177,201.9553841269841,9.55002809042809,1.1648481000481,0.6307771043771043,189.5005212121212,1.0,0.0,0.001725085775
2023-03-20 23:33:00,1.0,0.03646793763064,2.2,89432064.0,1152.0,0.0047321428571428,4.803,79.60787000391922,319.38775828943005,12.991052918162382,1.1799249852268845,0.1631220153666005,193.357716895898,1.0,0.0,0.001725085775
2023-03-20 23:34:00,1.0,0.0329200691245011,2.2,89657344.0,1152.0,0.0047357142857142,5.07,52.60616944596436,312.0869638287638,25.60463068783069,3.808334583934584,0.1001229437229437,188.7996606060606,1.0,0.0,0.001725085775
2023-03-20 23:35:00,1.0,0.0353315451189627,2.2,90128384.0,1152.0,0.0047538461538461,4.997,55.14025658077544,241.2291743435397,8.48891692571344,0.3265944282218281,0.081648607055457,188.38160127354067,1.0,0.0,0.001725085775
2023-03-20 23:36:00,1.0,0.0366860455724002,2.2,90185728.0,1152.0,0.0047448275862068,4.4,53.84744770673025,267.8725088985089,26.21411794131794,1.617601539201539,0.2818093314093314,184.1984055796056,1.0,0.0,0.001725085775
2023-03-20 23:37:00,1.0,0.0303522247087496,2.2,90464256.0,1152.0,0.0044916666666666,4.266,45.44565263775647,220.4016421356421,4.910424627224627,18.685133814333813,1.1418882154882155,168.19242751322747,1.0,0.0,0.001725085775
2023-03-20 23:38:00,1.0,0.0287575745463731,2.2,90779648.0,1152.0,0.0046142857142857,3.331,42.46647047651263,253.07747340067337,14.192039249639247,12.533927465127464,15.272373256373251,152.97644482924483,1.0,0.0,0.001725085775
2023-03-20 23:39:00,1.0,0.0286538420652524,2.2,91025408.0,1152.0,0.0047354838709677,4.064,41.85810609415173,238.0997942909703,20.77017552698397,21.64854245669193,4.117707698918804,144.14390602527214,1.0,0.0,0.001725085775
2023-03-20 23:40:00,1.0,0.0249973605991838,2.2,90836992.0,1152.0,0.0045923076923076,3.663,42.3494177379506,24.532334199134198,17.855832034632034,6.602976238576238,2.977065704665704,126.19627493987494,1.0,0.0,0.001725085775
2023-03-20 23:41:00,1.0,0.019861591541175,2.2,91238400.0,1152.0,0.0045428571428571,2.133,40.008494083975776,11.035939858194142,6.376320806956615,10.463705939621114,2.493304930925343,101.71889917843494,1.0,0.0,0.001725085775
2023-03-20 23:42:00,1.0,0.0208433597405534,2.2,91693056.0,1152.0,0.0046588235294117,2.0,44.28610434063065,25.654162000962,11.34221087061087,9.97370004810005,8.959295045695043,82.95420259740258,1.0,0.0,0.001725085775
2023-03-20 23:43:00,1.0,0.0198593319265096,2.2,91566080.0,1152.0,0.0047428571428571,1.134,52.04049391867626,9.949536315536314,7.21836479076479,3.384882924482924,2.8547205387205388,63.22219105339105,1.0,0.0,0.001725085775
2023-03-20 23:44:00,1.0,0.0166478350085085,2.2,91996160.0,1152.0,0.004690909090909,0.933,51.85158407380464,22.784324386724386,13.293883405483406,5.513595574795574,4.4049177489177485,41.065498412698425,1.0,0.0,0.001725085775
2023-03-20 23:45:00,1.0,0.0138821650304253,2.2,92581888.0,1152.0,0.0047999999999999,0.067,45.88078834444035,17.19577873977874,5.002484463684463,3.180974314574314,2.7731570947570945,25.10421067821068,1.0,0.0,0.001725085775
2023-03-20 23:46:00,1.0,0.0144396283025305,2.2,92704768.0,1152.0,0.0047333333333333,0.534,41.95372189990661,14.944203559403558,11.215957094757094,4.485989417989417,4.219568638768639,18.05238961038961,1.0,0.0,0.001725085775
2023-03-20 23:47:00,1.0,0.0121180572812484,2.2,92598272.0,1152.0,0.000475,0.133,38.11339784538676,9.054551418951418,0.0815634439634439,0.0407817219817219,2.977065704665704,10.981763155363154,1.0,0.0,0.001725085775
2023-03-20 23:48:00,1.0,0.0118814945898555,2.2,92876800.0,1152.0,0.0,0.0,29.91614229024944,13.421881176138424,2.647068809104464,0.2002385786054563,1.1753067302022653,3.299556870570866,1.0,0.0,0.001725085775
2023-03-20 23:49:00,1.0,0.0113494963443418,2.2,92987392.0,1152.0,0.0043999999999999,0.2,30.93027898027898,5.13849696969697,3.9150453102453096,0.0,2.69159365079365,3.281343145743146,1.0,0.0,0.001725085775
2023-03-20 23:50:00,1.0,0.0111148609212206,2.2,93356032.0,1152.0,0.0004749999999999,0.133,29.80547511797512,3.704057142857143,0.5377337181337181,4.208088696488696,2.8473950937950936,2.743609427609427,1.0,0.0,0.001725085775
2023-03-20 23:51:00,1.0,0.0112695528651935,2.2,92876800.0,1152.0,0.000475,0.067,37.01485336369058,4.975370081770081,0.1631268879268879,0.6117258297258297,2.7668151996151997,1.991470707070707,1.0,0.0,0.001725085775
2023-03-20 23:52:00,1.0,0.0117907519008104,2.2,92930048.0,1152.0,0.0046,0.334,35.12536836194516,8.606418662818662,5.958777681577681,4.486481192881192,5.48771063011063,10.929993265993266,0.9983048444706268,0.0016951555293731,0.001725085775
2023-03-20 23:53:00,1.0,0.0140601283085676,2.2,92897280.0,1152.0,0.0046,0.667,41.3402525696982,4.94200742465071,13.87803317820762,5.116121261825693,5.700187344866285,24.09538136084237,0.9747985310003354,0.0252014689996646,0.001725085775
2023-03-20 23:54:00,1.0,0.0165774252117723,2.2,93192192.0,1152.0,0.0047636363636363,1.066,42.14571195721529,2.482326695526696,9.939506108706109,7.45037133237133,5.064996632996633,45.59617816257816,0.9856604452010488,0.0143395547989509,0.001725085775
2023-03-20 23:55:00,1.0,0.0180593949772722,2.2,92897280.0,1152.0,0.0049499999999999,1.468,44.21031304718786,14.81237113997114,5.180754016354016,4.777337181337181,7.79201366041366,61.22413256373256,1.0,0.0,0.001725085775
2023-03-20 23:56:00,1.0,0.0225310915200758,2.2,94224384.0,1152.0,0.0044947368421052,3.402,45.351326105859016,8.23793342953343,10.874586243386243,6.600051178451177,1.1418882154882153,82.19082982202983,1.0,0.0,0.001725085775
2023-03-20 23:57:00,1.0,0.0225910829386429,2.2,94855168.0,1152.0,0.0042857142857142,3.133,39.45521241197122,15.225300817700814,13.702658585858586,11.609615199615195,7.391521885521885,108.66696815776815,1.0,0.0,0.001725085775
2023-03-20 23:58:00,1.0,0.0246098348871745,2.2,95776768.0,1152.0,0.0082499999999999,3.269,61.55389416422905,254.87622139490136,8.52266782106782,8.350740163540163,4.754377296777296,123.20431245791242,1.0,0.0,0.001725085775
2023-03-20 23:59:00,1.0,0.0266015546862341,2.2,95952896.0,1152.0,0.0045333333333333,3.669,40.58413912682023,6.81054757094757,7.884073496873497,8.29139894179894,0.1631268879268879,134.75384877344874,1.0,0.0,0.001725085775
2023-03-21 00:00:00,1.0,0.0313686631791675,2.2,90378240.0,1152.0,0.0047508771929824,4.736,50.66363025087492,133.27514805194804,12.771563828763828,1.5089237133237132,0.6937810485810485,157.4814855218855,1.0,0.0,0.001725085775
2023-03-21 00:01:00,1.0,0.0357162953219179,2.2,90255360.0,1152.0,0.0048622222222222,4.803,74.28467238280706,134.58563898342615,7.886386038357809,0.775107417847934,3.4205852916658053,170.00034159402344,1.0,0.0,0.001725085775
2023-03-21 00:02:00,1.0,0.0360717610697164,2.2,89636864.0,1152.0,0.0047543859649122,4.467,53.8309437052552,148.23844963924964,11.71561385281385,3.4960196248196245,3.469125541125541,176.21959307359305,1.0,0.0,0.001725085775
2023-03-21 00:03:00,1.0,0.0344928014104218,2.2,91394048.0,1152.0,0.0047403508771929,4.867,70.778362741786,217.30826050986047,1.4644792688792685,2.415660028860029,0.3040315536315536,186.01893217893215,1.0,0.0,0.001725085775
2023-03-21 00:04:00,1.0,0.0368710738844852,2.2,90075136.0,1152.0,0.0047549295774647,5.197,54.46636291533967,225.954839551976,6.186287297530508,2.415712096515,0.159507014247675,191.9042786313394,1.0,0.0,0.001725085775
2023-03-21 00:05:00,1.0,0.0382843766011832,2.2,89980928.0,1152.0,0.0047448275862068,4.797,55.69475794071951,266.6809303511304,9.89724906204906,1.9926745550745548,0.2224681096681096,192.1105514189514,1.0,0.0,0.001725085775
2023-03-21 00:06:00,1.0,0.0346179725998459,2.2,90243072.0,1152.0,0.004665,4.336,49.68689319543713,160.20522366522363,12.29533314093314,4.403688311688311,3.158752092352092,178.06575873015868,1.0,0.0,0.001725085775
2023-03-21 00:07:00,1.0,0.0305591179517871,2.2,90726400.0,1152.0,0.004775,4.403,47.10048699938669,40.22268282828282,8.63793342953343,9.665268109668109,4.874043290043289,163.54697392977388,1.0,0.0,0.001725085775
2023-03-21 00:08:00,1.0,0.0299860650062877,2.2,91123712.0,1152.0,0.00464375,4.0,44.9526623804403,164.28252025012023,10.52244752284752,10.436458104858104,6.321166907166907,155.49392342472342,1.0,0.0,0.001725085775
2023-03-21 00:09:00,1.0,0.0240111567559761,2.2,90976256.0,1152.0,0.0045714285714285,3.002,42.46610648891704,73.77882693602693,5.702115632515632,5.831786243386243,4.32286253006253,133.7633616161616,1.0,0.0,0.001725085775
2023-03-21 00:10:00,1.0,0.0240121974748434,2.2,91123712.0,1152.0,0.0044999999999999,3.0,40.40968306784672,17.602340933140933,7.709220779220779,2.832498316498316,4.0967316979316974,120.19379047619049,1.0,0.0,0.001725085775
2023-03-21 00:11:00,1.0,0.0241845552365736,2.2,91549696.0,1152.0,0.0043714285714285,2.867,40.624558084949,45.91039345839346,22.389165367965365,6.548773063973064,4.078172198172198,109.84914632034628,1.0,0.0,0.001725085775
2023-03-21 00:12:00,1.0,0.0221045656799884,2.2,91402240.0,1152.0,0.00465,2.133,41.80685414540306,18.06315747955748,23.35059663299663,15.532969504569502,6.032523905723905,89.40162328042328,1.0,0.0,0.001725085775
2023-03-21 00:13:00,1.0,0.018371602125891,2.2,91648000.0,1152.0,0.0047428571428571,1.333,48.40660520633856,10.528051755651756,12.451134583934582,3.32187898027898,4.689898027898027,64.42342049062049,1.0,0.0,0.001725085775
2023-03-21 00:14:00,1.0,0.0137622106373676,2.2,91602944.0,1152.0,0.0047,1.532,50.89097062423779,15.001357383357384,19.62822587782588,5.268905242905243,4.44569947089947,47.52781587301588,1.0,0.0,0.001725085775
2023-03-21 00:15:00,1.0,0.0153282543698829,2.2,91992064.0,1152.0,0.0046666666666666,1.067,48.55832023944478,16.842851178451177,4.200517364117363,3.0994108706108703,3.9150453102453096,40.4574353054353,1.0,0.0,0.001725085775
2023-03-21 00:16:00,1.0,0.0141604216686867,2.2,92385280.0,1152.0,0.0047111111111111,0.933,45.74420140988126,20.59354016354016,6.948773063973063,4.54533063973064,1.2234516594516596,28.63024415584416,1.0,0.0,0.001725085775
2023-03-21 00:17:00,1.0,0.0132958753248017,2.2,92295168.0,1152.0,0.00464,0.533,43.2119936589411,5.831786243386243,4.11895392015392,0.1223451659451659,1.428835594035594,19.553987878787883,1.0,0.0,0.001725085775
2023-03-21 00:18:00,1.0,0.0116525019511221,2.2,92688384.0,1152.0,0.000475,0.067,39.0541701374422,5.00273035113035,0.0815634439634439,3.696977585377585,5.383679076479076,11.263572486772482,1.0,0.0,0.001725085775
2023-03-21 00:19:00,1.0,0.0106766746585405,2.2,92807168.0,1152.0,0.0046,0.267,34.1349130401762,0.5709441077441078,0.1223451659451659,0.0,1.3050151034151034,3.162660702260702,1.0,0.0,0.001725085775
2023-03-21 00:20:00,1.0,0.0108876800142013,2.2,92504064.0,1152.0,0.0046,0.133,31.096822631491623,3.9861123617123617,0.4263767195767195,0.4190512746512746,1.8315147667147669,3.14043848003848,1.0,0.0,0.001725085775
2023-03-21 00:21:00,1.0,0.0113906970568717,2.2,93007872.0,1152.0,0.0,0.0,34.8152518978606,0.0,0.0815634439634439,0.0815634439634439,4.445207696007696,1.5870703222703222,1.0,0.0,0.001725085775
2023-03-21 00:22:00,1.0,0.0120711260080759,2.2,92942336.0,1152.0,0.0046,0.333,36.20573092188655,13.239408754208752,3.789037421837421,6.425690235690236,5.128246464646464,10.3148506012506,1.0,0.0,0.001725085775
2023-03-21 00:23:00,1.0,0.0154215443736316,2.2,92897280.0,1152.0,0.0047555555555555,0.733,43.42685166632178,12.24943896103896,6.973674458874458,5.650837518037518,6.218118903318903,20.900276479076474,0.977120686857569,0.0228793131424309,0.001725085775
2023-03-21 00:24:00,1.0,0.015874472352733,2.2,93163520.0,1152.0,0.00458,1.399,43.37204049358152,8.375395670995669,11.785451467051466,5.77441212121212,7.132180663780663,39.2823367003367,0.986314466430879,0.0136855335691206,0.001725085775
2023-03-21 00:25:00,1.0,0.0204363768429811,2.2,93356032.0,1152.0,0.0048153846153846,2.4,45.7074514165658,10.531985954785954,13.231371236171237,4.991742183742183,4.10039442039442,63.285932659932655,0.982615393433496,0.0173846065665036,0.001725085775
2023-03-21 00:26:00,1.0,0.021010621035857,2.2,93614080.0,1152.0,0.0042666666666666,1.932,40.8532847480744,15.7672658008658,12.666031361231358,11.19398075998076,7.301403559403559,91.60432804232804,1.0,0.0,0.001725085775
2023-03-21 00:27:00,1.0,0.0223340308063456,2.2,94482432.0,1152.0,0.0043428571428571,3.2,40.16947872638342,12.965467821067818,16.00256123136123,9.24648831168831,7.01445618085618,110.75440731120727,1.0,0.0,0.001725085775
2023-03-21 00:28:00,1.0,0.0268225118298686,2.2,94937088.0,1152.0,0.0045473684210526,3.131,64.65918433658858,186.1406239249639,12.934198941798938,3.4337277537277533,2.474263588263588,125.9330251082251,1.0,0.0,0.001725085775
2023-03-21 00:29:00,1.0,0.0293390206572776,2.2,95051776.0,1152.0,0.0046066666666666,4.064,43.47099749177582,8.547866281866282,4.504794805194805,3.8334818662818657,4.991742183742183,143.1109308321308,1.0,0.0,0.001725085775
2023-03-21 00:30:00,1.0,0.0318094603775077,2.2,95178752.0,1152.0,0.0045407407407407,4.067,55.44751480948778,106.47336565656566,9.178100432900433,1.2451821067821067,0.4490907166907166,159.49077806637803,1.0,0.0,0.001725085775
2023-03-21 00:31:00,1.0,0.0362948868895489,2.2,96059392.0,1152.0,0.0048777777777777,4.803,49.36877565166845,76.84367003367002,9.813032034632034,3.2217560365560365,1.1096613756613756,169.63517633477633,1.0,0.0,0.001725085775
2023-03-21 00:32:00,1.0,0.0351124337771139,2.2,90697728.0,1152.0,0.0047522388059701,5.337,53.2097329695938,85.64851101491101,5.771241173641172,2.469863203463203,0.1816863876863876,181.4618757094757,1.0,0.0,0.001725085775
2023-03-21 00:33:00,1.0,0.0388837000464207,2.2,90624000.0,1152.0,0.0048214285714285,5.133,62.8117960130916,312.33822318422324,8.393709283309283,1.4764509860509858,0.2039086099086099,187.5835343915344,1.0,0.0,0.001725085775
2023-03-21 00:34:00,1.0,0.0383258681180521,2.2,90468352.0,1152.0,0.0047509433962264,5.0,55.39156685467483,120.58255084175084,9.503642135642137,3.522124867724868,0.2039086099086099,190.3420405964406,1.0,0.0,0.001725085775
2023-03-21 00:35:00,1.0,0.0361631996598895,2.2,90685440.0,1152.0,0.0047307692307692,4.733,52.4303476953898,82.04557037037037,0.2188053872053871,3.262537758537758,4.350468686868687,185.62210312650316,1.0,0.0,0.001725085775
2023-03-21 00:36:00,1.0,0.0339468672049989,2.2,90529792.0,1152.0,0.0046176470588235,4.467,47.9991821214747,237.0860894660894,19.918590091390087,8.388596825396824,1.618093314093314,172.76022626262625,1.0,0.0,0.001725085775
2023-03-21 00:37:00,1.0,0.0307432291257882,2.2,90652672.0,1152.0,0.0047095238095238,4.07,47.646504341342585,129.14399769119768,4.134613949013949,10.440120827320827,4.73067974987975,166.14235324675326,1.0,0.0,0.001725085775
2023-03-21 00:38:00,1.0,0.0320414015826808,2.2,90763264.0,1152.0,0.004705,4.203,45.39088765485089,77.29595728715728,31.55359846079846,14.82013718133718,8.855017604617604,164.08446176046178,1.0,0.0,0.001725085775
2023-03-21 00:39:00,1.0,0.0286518646604385,2.2,91623424.0,1152.0,0.0044736842105263,3.533,43.0494510592556,120.1301612313612,22.570851755651752,19.08584588744589,7.228615295815295,147.70046002886,1.0,0.0,0.001725085775
2023-03-21 00:40:00,1.0,0.0243970851319471,2.2,91672576.0,1152.0,0.0044499999999999,3.067,42.251601256271584,35.132631265031264,18.85998653198653,5.175615969215968,1.2420111592111591,127.88688504088503,1.0,0.0,0.001725085775
2023-03-21 00:41:00,1.0,0.0210255856867851,2.2,91807744.0,1152.0,0.0041999999999999,1.8,40.75159673806009,4.122150456950457,7.870872342472341,2.9826955266955264,2.782203751803752,101.8517743145743,1.0,0.0,0.001725085775
2023-03-21 00:42:00,1.0,0.0214878955963419,2.2,92004352.0,1152.0,0.0046333333333333,1.866,45.88848454870732,107.34948956228956,5.155852621452621,13.000348244348242,8.8777316017316,76.6291270803271,1.0,0.0,0.001725085775
2023-03-21 00:43:00,1.0,0.0172395811141309,2.2,92196864.0,1152.0,0.0046571428571428,1.933,49.95171663136313,22.762322462722462,14.425741414141411,3.2217560365560365,2.8139388167388164,62.85881827801827,1.0,0.0,0.001725085775
2023-03-21 00:44:00,1.0,0.0164720790368919,2.2,92508160.0,1152.0,0.0047199999999999,0.933,48.66509042726525,15.74764598364598,13.44943896103896,7.797372005772004,4.4049177489177485,42.51508090428091,1.0,0.0,0.001725085775
2023-03-21 00:45:00,1.0,0.0148063628601069,2.2,92246016.0,1152.0,0.0046857142857142,0.933,47.15855283976941,5.924583742183742,6.728984126984125,3.262537758537758,2.732375372775373,26.71350322270322,1.0,0.0,0.001725085775
2023-03-21 00:46:00,1.0,0.0125333655505949,2.2,92102656.0,1152.0,0.000475,0.067,40.16725336489897,5.885523232323232,6.076476575276575,2.0693714285714284,4.2232313612313614,16.3578708994709,1.0,0.0,0.001725085775
2023-03-21 00:47:00,1.0,0.0122455356664913,2.2,92393472.0,1152.0,0.0004749999999999,0.067,33.347140877084485,5.423969023569024,3.996608754208754,3.0994108706108703,2.69159365079365,3.992946031746031,1.0,0.0,0.001725085775
2023-03-21 00:48:00,1.0,0.0112286774436674,2.2,92413952.0,1152.0,0.000475,0.133,32.768721913042306,1.9147511760181024,1.1578550103592904,3.296969886375334,0.0964725738017566,4.6916868196510215,1.0,0.0,0.001725085775
2023-03-21 00:49:00,1.0,0.0107688244213623,2.2,92438528.0,1152.0,0.0,0.0,34.12619262653124,10.847938047138046,0.0407817219817219,0.1631268879268879,2.732375372775373,4.797592303992304,1.0,0.0,0.001725085775
2023-03-21 00:50:00,1.0,0.0110002952918637,2.2,92549120.0,1152.0,0.0,0.0,18.91269841269841,1.2234516594516591,1.357522655122655,1.590487157287157,1.8466574314574316,2.413692929292929,1.0,0.0,0.001725085775
